, Belgium, Bulgaria, Czech Rep., Denmark, Germany, Estonia, Ireland, Greece, Spain, France, Croatia, Italy, Cyprus, Latvia, Lihtuania, Luxembourg, Hungary, Malta, Netherlands, Austria, Poland, Portugal, Romania, Slovenia, Slovakia, Finland, Sweden,
1977m01,18.57,,,19.85,20.33,,14.62,,19.35,16.76,,23.11,,,,17.98,,,19.69,,,,,,,,,Jan-77
1977m02,18.13,,,19.67,20.07,,15.05,,19.3,16.55,,23.92,,,,17.79,,,19.23,,,,,,,,,Feb-77
1977m03,16.79,,,19.78,19.86,,14.12,,19.41,16.34,,23.74,,,,17.67,,,18.98,,,,,,,,,Mar-77
1977m04,16.95,,,19.62,19.89,,14.19,,19.86,15.97,,23.61,,,,17.29,,,19.23,,,,,,,,,Apr-77
1977m05,17.32,,,20.05,19.83,,14.61,,19.79,15.15,,23.55,,,,17.22,,,19.57,,,,,,,,,May-77
1977m06,17.18,,,19.63,19.59,,15.03,,19.79,15.1,,23.42,,,,16.62,,,19.31,,,,,,,,,Jun-77
1977m07,16.76,,,19.7,19.92,,15.01,,16.63,15.07,,22.75,,,,16.59,,,19.27,,,,,,,,,Jul-77
1977m08,17.24,,,20.18,20.29,,15.44,,16.85,15.17,,22.55,,,,16.94,,,19.67,,,,,,,,,Aug-77
1977m09,17.88,,,20.48,20.72,,16.53,,16.68,15.81,,22.62,,,,17.28,,,20.2,,,,,,,,,Sep-77
1977m10,18.9,,,21.25,21.18,,17.3,,16.97,16.83,,22.33,,,,17.66,,,21.29,,,,,,,,,Oct-77
1977m11,20.03,,,20.99,21.63,,18.7,,17.25,17.41,,22.07,,,,17.75,,,21.75,,,,,,,,,Nov-77
1977m12,20.01,,,21.03,21.92,,18.44,,17.06,17.46,,21.31,,,,18.04,,,21.71,,,,,,,,,Dec-77
1978m01,19.64,,,21.06,21.05,,18.31,,16.9,17.29,,21.32,,,,17.91,,,20.8,,,,,,,,,Jan-78
1978m02,19.82,,,21.27,21.19,,17.15,,16.48,16.75,,21.52,,,,18.17,,,20.46,,,,,,,,,Feb-78
1978m03,18.86,,,21.25,21.08,,15.74,,16.36,16.88,,21.4,,,,17.95,,,20.35,,,,,,,,,Mar-78
1978m04,17.92,,,21.08,20.84,,14.68,,16.6,16.99,,21.24,,,,16.96,,,20.76,,,,,,,,,Apr-78
1978m05,17.69,,,21.4,20.8,,15.27,,17.04,16.04,,21.75,,,,17.01,,,19.87,,,,,,,,,May-78
1978m06,17.84,,,21.38,20.56,,15.82,,17.41,16.22,,21.8,,,,16.75,,,19.91,,,,,,,,,Jun-78
1978m07,17.68,,,21.27,20.82,,16.38,,17.41,16.36,,21.84,,,,15.85,,,19.45,,,,,,,,,Jul-78
1978m08,17.73,,,20.74,21.14,,16.76,,17.63,16.76,,21.72,,,,16.71,,,19.69,,,,,,,,,Aug-78
1978m09,18.59,,,21.53,22.11,,17.59,,18.43,17.29,,22.01,,,,17.29,,,20.53,,,,,,,,,Sep-78
1978m10,19.98,,,22.16,22.93,,17.9,,18.88,18.16,,21.88,,,,18.95,,,21.78,,,,,,,,,Oct-78
1978m11,21.16,,,22.24,23.22,,19.15,,19.35,18.88,,21.66,,,,20.92,,,21.88,,,,,,,,,Nov-78
1978m12,21.29,,,22.11,23.2,,19.63,,19.33,19.36,,21.59,,,,19.08,,,21.61,,,,,,,,,Dec-78
1979m01,20.94,,,22.26,22.57,,18.75,,19.35,19.52,,22.21,,,,19.13,,,21.38,,,,,,,,,Jan-79
1979m02,20.57,,,22.13,22.32,,17.82,,19.8,18.99,,22.45,,,,19.01,,,21.27,,,,,,,,,Feb-79
1979m03,19.33,,,21.94,22.05,,17.27,,19.63,18.66,,22.62,,,,18.83,,,20.95,,,,,,,,,Mar-79
1979m04,17.79,,,21.7,21.62,,16.49,,20.33,18.38,,22.8,,,,18.69,,,20.3,,,,,,,,,Apr-79
1979m05,17.75,,,21.18,21.56,,16.24,,21.16,17.24,,23.01,,,,18.79,,,20.1,,,,,,,,,May-79
1979m06,17.56,,,20.51,21.24,,16.16,,21.23,16.95,,22.92,,,,17.97,,,19.83,,,,,,,,,Jun-79
1979m07,17.48,,,20.34,21.34,,16.23,,20.43,16.75,,22.93,,,,17.98,,,19.62,,,,,,,,,Jul-79
1979m08,17.73,,,20.57,21.66,,16.62,,21.16,17.29,,23.1,,,,18.09,,,19.88,,,,,,,,,Aug-79
1979m09,18.57,,,21.36,22.5,,17.39,,21.03,18.11,,23.53,,,,18.49,,,20.65,,,,,,,,,Sep-79
1979m10,19.92,,,21.97,23.18,,18.3,,20.78,19.32,,23.65,,,,19.53,,,21.54,,,,,,,,,Oct-79
1979m11,21.33,,,21.91,23.72,,19.29,,20.65,20.11,,23.54,,,,19.74,,,22.07,,,,,,,,,Nov-79
1979m12,20.72,,,20.96,23.69,,19.06,,20.49,20.67,,23.49,,,,19.36,,,22.15,,,,,,,,,Dec-79
1980m01,20.33,,,21.75,22.88,,18.31,19,20.91,20.47,,24.12,,,,19.26,,,22.13,,,,,,,,,Jan-80
1980m02,19.77,,,21.92,22.44,,17.37,18.94,21.1,20.5,,24.5,,,,18.99,,,21.85,,,,,,,,,Feb-80
1980m03,18.76,,,22.09,22.04,,16.29,19.3,21.68,20.27,,24.61,,,,18.94,,,21.56,,,,,,,,,Mar-80
1980m04,17.7,,,21.78,21.61,,15.67,17.63,21,19.53,,24.69,,,,19.07,,,21.19,,,,,,,,,Apr-80
1980m05,17.8,,,21.53,21.55,,15.57,16.76,20.54,18.37,,24.33,,,,18.88,,,20.89,,,,,,,,,May-80
1980m06,18.18,,,21.64,21.13,,15.78,16.46,20.58,18.25,,24.2,,,,18.88,,,20.64,,,,,,,,,Jun-80
1980m07,18.37,,,22.07,21.5,,16.1,16.38,20.16,18.51,,24.39,,,,19.08,,,20.85,,,,,,,,,Jul-80
1980m08,18.2,,,22.12,21.61,,16.46,16.6,19.98,18.94,,24.46,,,,18.72,,,20.99,,,,,,,,,Aug-80
1980m09,18.84,,,22.6,22.3,,17.55,16.78,19.62,19.66,,24.46,,,,19.27,,,21.64,,,,,,,,,Sep-80
1980m10,20.1,,,22.68,22.68,,18.58,17.97,19.99,20.82,,24.35,,,,19.53,,,22.41,,,,,,,,,Oct-80
1980m11,21.25,,,22.61,22.94,,19.69,18.03,20.63,21.35,,24.41,,,,21.27,,,22.67,,,,,,,,,Nov-80
1980m12,20.84,,,22.52,22.77,,19.93,19.58,20.91,21.79,,24.39,,,,19.35,,,22.18,,,,,,,,,Dec-80
1981m01,20.2,,,22.29,21.87,,19.48,19.56,21.1,21.64,,24.62,,,,19.31,,,21.83,,,,,,,,,Jan-81
1981m02,19.82,,,22.33,21.65,,17.94,20.2,21.25,21.3,,25.45,,,,19.05,,,21.55,,,,,,,,,Feb-81
1981m03,18.58,,,22.79,21.17,,16.94,20.92,21.44,21.05,,25.5,,,,18.86,,,21.61,,,,,,,,,Mar-81
1981m04,19.21,,,23.04,21.5,,17.27,22.15,21.42,20.05,,25.14,,,,18.84,,,21.89,,,,,,,,,Apr-81
1981m05,19.34,,,23.42,21.47,,17.45,22.86,21.9,19.47,,25.07,,,,18.77,,,22.1,,,,,,,,,May-81
1981m06,19.12,,,23.88,21.49,,17.72,23.05,22.2,19.35,,25.94,,,,18.57,,,21.95,,,,,,,,,Jun-81
1981m07,19.16,,,24.03,21.9,,17.82,23.17,22.11,19.56,,26.04,,,,18.64,,,21.91,,,,,,,,,Jul-81
1981m08,18.98,,,24.14,22.47,,18.19,23.27,22.14,20.17,,26.37,,,,18.75,,,22.54,,,,,,,,,Aug-81
1981m09,20.29,,,25.47,23.46,,20.14,23.59,21.91,21.32,,26.8,,,,19.31,,,23.84,,,,,,,,,Sep-81
1981m10,22.54,,,25.77,24.7,,21.27,23.52,22.19,21.75,,26.56,,,,21.01,,,25.79,,,,,,,,,Oct-81
1981m11,23.28,,,25.8,25,,22.77,23.86,22.55,22.89,,26.32,,,,22.23,,,26.12,,,,,,,,,Nov-81
1981m12,22.62,,,25.59,24.83,,22.92,23.82,22.62,23.37,,26.43,,,,20.39,,,26.11,,,,,,,,,Dec-81
1982m01,22.16,,,25.41,24,,22.55,24.53,22.77,23.2,,27.49,,,,20.03,,,25.72,,,,,,,,,Jan-82
1982m02,21.28,,,24.98,23.7,,20.7,25.96,23,22.91,,29.51,,,,19.43,,,25.58,,,,,,,,,Feb-82
1982m03,19.08,,,24.58,23.87,,19.1,27.55,22.36,22.67,,29.72,,,,18.35,,,25.64,,,,,,,,,Mar-82
1982m04,18.91,,,25.57,23.87,,17.7,26.95,22.57,21.99,,29.65,,,,18.37,,,25.25,,,,,,,,,Apr-82
1982m05,18.81,,,26.19,23.95,,18.27,26.55,22.51,21.2,,29.52,,,,18.67,,,25.21,,,,,,,,,May-82
1982m06,20.12,,,27.34,24.51,,19.6,26.15,22.49,22.96,,29.44,,,,20.29,,,25.6,,,,,,,,,Jun-82
1982m07,20.78,,,27.28,25.06,,20.11,26.28,22.45,20.25,,30.1,,,,20.65,,,25.69,,,,,,,,,Jul-82
1982m08,20.9,,,27.25,26.12,,20.52,25.78,22.58,21.21,,30.31,,,,21.01,,,26.32,,,,,,,,,Aug-82
1982m09,22,,,28.03,26.96,,21.9,25.78,23.19,21.53,,30.26,,,,21.49,,,27.55,,,,,,,,,Sep-82
1982m10,23.64,,,28.37,27.69,,22.92,26.21,23.67,22.99,,30.57,,,,22.1,,,28.64,,,,,,,,,Oct-82
1982m11,25.04,,,28.78,27.93,,24.4,26.34,23.56,23.97,,30.4,,,,22.33,,,29.21,,,,,,,,,Nov-82
1982m12,24.72,,,29,28.13,,24.41,25.99,21.62,24.73,,30.83,,,,22.15,,,29.07,,,,,,,,,Dec-82
1983m01,24.18,,,29.18,27.28,,24.82,23.18,21,24.88,,32.23,,,,22.16,,,28.76,,,,,,,,,Jan-83
1983m02,24.14,,,29.15,27.14,,23.26,22.76,21.09,24.96,,32.95,,,,22.41,,,28.55,,,,,,,,,Feb-83
1983m03,22.39,,,29.19,27.26,,20.98,24.99,20.81,24.13,,32.82,,,,22.55,,,28.37,,,,,,,,,Mar-83
1983m04,21.37,,,28.56,26.86,,19.27,25.05,20.89,22.71,,33.05,,,,22.09,,,27.52,,,,,,,,,Apr-83
1983m05,21.49,,,28.18,26.65,,19.13,25.07,20.77,20.87,,33.23,,,,22.46,,,27.24,,,,,,,,,May-83
1983m06,21.22,,,27.76,26.43,,20.35,25.79,20.48,21.56,,33.45,,,,22.14,,,27.03,,,,,,,,,Jun-83
1983m07,21.21,,,27.4,26.78,,20.48,26.09,20.26,21.68,,33.18,,,,21.94,,,26.76,,,,,,,,,Jul-83
1983m08,21.67,,,27.31,27.42,,20.99,25.58,20.61,22.04,,33.09,,,,22.09,,,27.02,,,,,,,,,Aug-83
1983m09,22.51,,,27.29,28.49,,22.48,24.61,21.06,23.32,,32.56,,,,22.97,,,28.45,,,,,,,,,Sep-83
1983m10,24.31,,,28.95,29.34,,23.59,24.74,21.72,24.49,,32.44,,,,23.42,,,29.53,,,,,,,,,Oct-83
1983m11,25.8,,,29.29,29.4,,24.99,24.86,22.3,25.33,,32.52,,,,23.34,,,29.62,,,,,,,,,Nov-83
1983m12,25.44,,,29.22,30.2,,24.85,24.83,22.44,26.3,,32.48,,,,23.11,,,29.72,,,,,,,,,Dec-83
1984m01,23.88,,,29.11,27.95,,25.14,24.49,22.99,25.24,,32.65,,,,22.55,,,29.06,,,,,,,,,Jan-84
1984m02,23.7,,,28.82,27.63,,23.22,23.83,22.97,25.09,,32.63,,,,22.57,,,28.66,,,,,,,,,Feb-84
1984m03,23.35,,,28.85,27.48,,21.37,23.1,23.12,24.74,,32.95,,,,22.7,,,28.36,,,,,,,,,Mar-84
1984m04,21.2,,,27.67,26.09,,19.87,22.79,23.47,23.87,,32.83,,,,22.51,,,27.32,,,,,,,,,Apr-84
1984m05,22.04,,,27.19,25.93,,19.81,26.26,23.97,21.14,,32.98,,,,23.49,,,26.88,,,,,,,,,May-84
1984m06,22.02,,,27.08,26.15,,19.99,26.94,23.72,21.3,,32.99,,,,23.43,,,26.73,,,,,,,,,Jun-84
1984m07,21.89,,,27.14,26.5,,20.08,27.11,23.77,21.45,,33.23,,,,23.39,,,26.47,,,,,,,,,Jul-84
1984m08,21.98,,,28.29,26.99,,20.61,26.77,24.02,21.93,,33.1,,,,23.46,,,26.54,,,,,,,,,Aug-84
1984m09,23.08,,,29.31,28.27,,22.19,27.21,26.25,23.12,,33.04,,,,24.47,,,27.84,,,,,,,,,Sep-84
1984m10,24.99,,,29.97,28.83,,23.34,27.06,26.12,24.63,,33.09,,,,24.92,,,28.87,,,,,,,,,Oct-84
1984m11,26.26,,,30.03,29.01,,24.81,26.91,26.23,25.36,,32.99,,,,24.84,,,29.24,,,,,,,,,Nov-84
1984m12,26.11,,,30.24,28.51,,24.83,27.08,27.04,26.13,,33.27,,,,24.6,,,29.16,,,,,,,,,Dec-84
1985m01,25.63,,,30.95,27.26,,25.57,31.89,26.56,26.32,,34.94,,,,24.87,,,29.24,,,,,,,,,Jan-85
1985m02,25.29,,,30.65,26.68,,23.66,32.02,26.75,26.46,,34.85,,,,24.51,,,28.97,,,,,,,,,Feb-85
1985m03,22.81,,,29.86,26.18,,21.99,30.77,26.86,25.68,,34.9,,,,24.51,,,28.49,,,,,,,,,Mar-85
1985m04,22.3,,,29.63,25.6,,20.95,29.77,26.34,24.6,,34.3,,,,23.9,,,28.14,,,,,,,,,Apr-85
1985m05,22.89,,,29.3,25.81,,21.07,29.45,25.96,22.55,,34.49,,,,24.48,,,27.56,,,,,,,,,May-85
1985m06,22.46,,,29.04,25.71,,21.57,29.42,25.57,22.6,,34.52,,,,24.23,,,27.26,,,,,,,,,Jun-85
1985m07,22.32,,,28.95,26.06,,21.68,28.78,25.48,22.51,,33.71,,,,24.13,,,27.22,,,,,,,,,Jul-85
1985m08,22.73,,,29.16,27.17,,22.26,27.89,24.82,22.92,,33.11,,,,24.69,,,27.94,,,,,,,,,Aug-85
1985m09,23.27,,,29.48,28.31,,23.34,27.37,24.92,24.33,,33.11,,,,25.45,,,28.73,,,,,,,,,Sep-85
1985m10,24.94,,,30.55,29.33,,23.94,24.37,25.01,25.98,,33.29,,,,26.08,,,29.54,,,,,,,,,Oct-85
1985m11,27.83,,,31.03,29.88,,25.32,22.95,25.22,26.83,,33.31,,,,26.01,,,30.48,,,,,,,,,Nov-85
1985m12,27.41,,,31.14,29.5,,25.39,25.25,25.37,28.16,,33.09,,,,25.75,,,30.72,,,,,,,,,Dec-85
1986m01,26.62,,,31.19,28.62,,26.31,25.32,25.42,28.02,,33.69,,,,26.02,,,29.9,,,,,,,,,Jan-86
1986m02,26.88,,,31.22,28.68,,24.73,25.23,25.93,27.86,,33.97,,,,26.25,,,29.76,,,,,,,,,Feb-86
1986m03,25.11,,,31.32,28.24,,22.83,25.4,27.72,27.41,,34.15,,,,25.87,,,29.67,,,,,,,,,Mar-86
1986m04,23.6,,,30.94,27.6,,21.84,24.6,25.5,25.52,,34.01,,,,25.95,,,29.06,,,,,,,,,Apr-86
1986m05,23.54,,,30.65,27.05,,21.98,24.7,25.81,23.44,,34.95,,,,25.93,,,28.52,,,,,,,,,May-86
1986m06,23.52,,,30.51,27.06,,22.06,24.93,25.72,23.14,,34.72,,,,25.89,,,28.23,,,,,,,,,Jun-86
1986m07,22.95,,,30.22,27.57,,22.03,24.69,25.94,22.94,,34.99,,,,25.77,,,28.1,,,,,,,,,Jul-86
1986m08,23.66,,,30.65,28.73,,21.27,24.75,27.21,23.26,,35.38,,,,26.14,,,28.95,,,,,,,,,Aug-86
1986m09,25.59,,,31.01,30.36,,22.31,24.84,26.37,24.55,,35.55,,,,27.83,,,30.3,,,,,,,,,Sep-86
1986m10,27.77,,,31.47,31.05,,23.46,25.25,26.17,26.7,,35.7,,,,28.35,,,30.87,,,,,,,,,Oct-86
1986m11,29.47,,,31.4,31.27,,24.64,24.9,25.75,27.26,,35.66,,,,28.64,,,31.47,,,,,,,,,Nov-86
1986m12,28.35,,,31.41,30.81,,24.57,24.38,25.64,27.99,,35.66,,,,28.51,,,31.19,,,,,,,,,Dec-86
1987m01,28.39,,,31.8,29.74,,25.11,23.82,25.02,27.69,,35.18,,,,28.18,,,31.59,,,,,,,,,Jan-87
1987m02,27.97,,,31.7,29.12,,23.43,23.48,24.36,27.52,,35.06,,,,28.04,,,31.52,,,,,,,,,Feb-87
1987m03,26.01,,,31.62,28.6,,21.62,24.18,23.88,26.56,,35.19,,,,27.71,,,30.78,,,,,,,,,Mar-87
1987m04,24.25,,,30.78,27.84,,20.71,24.14,23.8,25.16,,35.05,,,,27.18,,,30.63,,,,,,,,,Apr-87
1987m05,24.51,,,30.72,27.49,,20.64,23.81,23.85,22.92,,34.64,,,,26.99,,,30.16,,,,,,,,,May-87
1987m06,23.9,,,30.85,27.4,,20.81,23.84,23.48,22.88,,34.6,,,,27.67,,,29.41,,,,,,,,,Jun-87
1987m07,23.67,,,30.72,27.51,,21.45,23.77,23.72,22.96,,34.57,,,,27.36,,,28.7,,,,,,,,,Jul-87
1987m08,23.94,,,30.94,28.69,,21.8,23.63,23.66,23.5,,34.78,,,,27.96,,,29.14,,,,,,,,,Aug-87
1987m09,26.02,,,30.9,29.9,,23.03,23.44,24.11,24.95,,34.84,,,,28.61,,,30.19,,,,,,,,,Sep-87
1987m10,28.95,,,31.11,30.96,,23.95,23.67,24.45,26.35,,34.82,,,,30.9,,,32.08,,,,,,,,,Oct-87
1987m11,30.3,,,31.16,31.63,,24.57,23.34,24.3,27.39,,34.37,,,,31.07,,,32.64,,,,,,,,,Nov-87
1987m12,29.87,,,31.43,31.29,,24.7,23.42,24.46,27.85,,34.36,,,,30.89,,,32.89,,,,,,,,,Dec-87
1988m01,28.23,,,31.9,29.65,,25.38,23.48,24.71,27.95,,34.63,,,,29.24,,,32.51,,,,,,,,,Jan-88
1988m02,28.08,,,32.42,29.41,,24.12,23.67,24.93,27.07,,34.59,,,,29.12,,,32.66,,,,,,,,,Feb-88
1988m03,26.34,,,32.41,29.31,,23.22,24.18,25.27,26.26,,34.34,,,,29.13,,,32.37,,,,,,,,,Mar-88
1988m04,25.48,,,33.13,28.76,,22.77,25.03,25.53,24.93,,34.28,,,,28.04,,,31.82,,,,,,,,,Apr-88
1988m05,25.48,,,32.77,28.41,,23.01,24.82,25.64,22.9,,34.41,,,,27.97,,,31.29,,,,,,,,,May-88
1988m06,24.97,,,32.79,28.76,,23.65,24.87,25.8,22.88,,34.49,,,,27.55,,,31.51,,,,,,,,,Jun-88
1988m07,25.23,,,32.52,29.41,,24.09,24.72,26.64,23.03,,34.54,,,,27.59,,,31.54,,,,,,,,,Jul-88
1988m08,25.93,,,32.54,30.38,,24.82,25.3,27.47,23.83,,34.52,,,,28.01,,,32.55,,,,,,,,,Aug-88
1988m09,28.78,,,33.93,32.42,,26.9,25.44,27.69,25.44,,34.4,,,,29.54,,,34.76,,,,,,,,,Sep-88
1988m10,27.96,,,35.18,33.64,,27.78,26.01,29.57,27.09,,34.89,,,,31.22,,,35.48,,,,,,,,,Oct-88
1988m11,33.35,,,35.5,34.15,,28.14,25.92,30.25,28.01,,35.11,,,,32.86,,,36.15,,,,,,,,,Nov-88
1988m12,32.78,,,35.15,33.68,,28.55,25.86,31.15,28.55,,35.3,,,,32.3,,,35.63,,,,,,,,,Dec-88
1989m01,31.66,,,34.33,31.93,,28.29,27.05,33.07,28.32,,35.39,,,,31.96,,,32.33,,,,,,,,,Jan-89
1989m02,31.66,,,34.05,31.67,,27.18,27.15,34.33,27.62,,35.79,,,,32.03,,,32.4,,,,,,,,,Feb-89
1989m03,29.18,,,34.03,31.51,,26.58,27.64,35.08,27.04,,36.86,,,,31.96,,,32.2,,,,,,,,,Mar-89
1989m04,28.88,,,33.85,31.81,,26.21,28.36,35.23,25.55,,38.16,,,,32.4,,,31.64,,,,,,,,,Apr-89
1989m05,27.63,,,33.94,31.51,,27.19,28.09,32.38,24.53,,38.7,,,,32.27,,,31.53,,,,,,,,,May-89
1989m06,27.75,,,33.85,31.7,,27.2,27.91,32.17,24.14,,39.29,,,,31.72,,,31.85,,,,,,,,,Jun-89
1989m07,27.38,,,33.78,32.16,,27.15,27.79,31.9,24.09,,39.74,,,,31.83,,,31.94,,,,,,,,,Jul-89
1989m08,27.77,,,33.98,33.12,,27.61,27.82,31.97,25.1,,39.96,,,,32.04,,,33.02,,,,,,,,,Aug-89
1989m09,31.43,,,34.49,34.62,,28.91,27.97,32.76,26.94,,39.92,,,,33.11,,,35.22,,,,,,,,,Sep-89
1989m10,33.27,,,35.83,35.92,,30.15,28.21,34,29.21,,39.51,,,,34.32,,,36.51,,,,,,,,,Oct-89
1989m11,35.1,,,36.85,35.94,,30.86,27.99,34.2,30.28,,39.63,,,,35.58,,,37.55,,,,,,,,,Nov-89
1989m12,34.95,,,37.49,35.47,,30.78,28.3,33.8,30.82,,39.48,,,,35.66,,,36.66,,,,,,,,,Dec-89
1990m01,31.83,,,37.16,32.66,,30.41,28.2,32.69,31.08,,39.4,,,,34.48,,,32.05,,,,,,,,,Jan-90
1990m02,31,,,37.08,31.38,,28.74,28.5,32.11,29.62,,39.46,,,,35.29,,,32.09,,,,,,,,,Feb-90
1990m03,28.63,,,37.11,30.82,,25.62,28.66,30.02,28.59,,39.66,,,,35.12,,,31.71,,,,,,,,,Mar-90
1990m04,26.44,,,37.18,30.19,,23.97,28.78,28.09,27.19,,39.74,,,,34.05,,,31.29,,,,,,,,,Apr-90
1990m05,25.44,,,36.51,29.83,,23.59,28.37,27.73,25.23,,39.71,,,,33.05,,,31.25,,,,,,,,,May-90
1990m06,24.67,,,35.85,29.55,,23.31,28.69,28.06,24.7,,39.61,,,,32.44,,,31.48,,,,,,,,,Jun-90
1990m07,24.1,,,35.44,29.37,,23.34,28.75,28.06,24.69,,39.51,,,,32.11,,,31.28,,,,,,,,,Jul-90
1990m08,24.6,,,35.28,29.92,,23.29,28.54,27.06,25.34,,39.28,,,,32.06,,,31.85,,,,,,,,,Aug-90
1990m09,27.25,,,36.34,31.52,,24.08,28.65,26.53,27.08,,38.99,,,,33.9,,,33.78,,,,,,,,,Sep-90
1990m10,29.55,,,36.87,32.1,,24.99,28.24,26.77,29.02,,38.9,,,,35.35,,,35.09,,,,,,,,,Oct-90
1990m11,29.85,,,36.99,32.56,,25.77,28.55,28.12,29.95,,38.96,,,,35.95,,,35.93,,,,,,,,,Nov-90
1990m12,31.7,,,36.96,32.33,,26,28.23,27.69,30.3,,39.06,,,,35.48,,,35.32,,,,,,,,,Dec-90
1991m01,29.64,,,34.38,30.8,,25.41,27.31,28.83,30.33,,39.11,,,,33.59,,,31.76,,,,,,,,,Jan-91
1991m02,30.52,,,34.35,30.63,,24.25,27.13,28.72,28.88,,39.6,,,,33.32,,,31.77,,,,,,,,,Feb-91
1991m03,32.78,,,34.06,29.79,,22.73,27.53,28.52,28,,39.26,,,,31.86,,,31.22,,,,,,,,,Mar-91
1991m04,24.99,,,33.53,28.9,,22.2,27.27,27.85,26.15,,39.33,,,,31.15,,,30.93,,,,,,,,,Apr-91
1991m05,23.52,,,33.36,28.55,,22.44,27.07,26.41,23.66,,39.33,,,,30.08,,,30.97,,,,,,,,,May-91
1991m06,24.02,,,33.04,28.39,,22.51,27.09,25.79,23.56,,38.87,,,,29.79,,,31.11,,,,,,,,,Jun-91
1991m07,24.57,,,32.55,27.92,,22.4,27.28,25.69,23.69,,38.69,,,,28.52,,,30.61,,,,,,,,,Jul-91
1991m08,24.4,,,32.36,28.69,,22.54,27.65,26.25,24.54,,38.58,,,,28.88,,,30.68,,,,,,,,,Aug-91
1991m09,26.71,,,33.19,30.21,,24.57,27.92,26.2,26.41,,37.76,,,,30,,,32.34,,,,,,,,,Sep-91
1991m10,31.69,,,34.04,29.58,,26.26,28.44,27.08,28.18,,38.69,,,,31.81,,,33.66,,,,,,,,,Oct-91
1991m11,32.88,,,34.32,32.78,,26.73,28.02,28.36,29.7,,37.99,,,,32.36,,,34.31,,,,,,,,,Nov-91
1991m12,32.79,,,34.15,32.53,,26.5,27.91,28.4,30.24,,38.25,,,,32.39,,,33.97,,,,,,,,,Dec-91
1992m01,30.88,,,34.18,31.26,,26.19,28.94,29.13,30.14,,38.85,,,,31.81,,,32.96,,,,,,,,,Jan-92
1992m02,30.3,,,33.76,30.56,,25.12,29.28,29.03,29.14,,38.85,,,,31.4,,,32.32,,,,,,,,,Feb-92
1992m03,28.37,,,33.94,30.09,,24.36,31.32,28.49,28.11,,38.83,,,,30.86,,,32.01,,,,,,,,,Mar-92
1992m04,25.66,,,33.66,29.63,,24.06,30.38,27.92,26.27,,38.75,,,,29.88,,,32.1,,,,,,,,,Apr-92
1992m05,25.16,,,32.67,29.2,,24.17,30.49,27,24.45,,38.65,,,,28.85,,,31.75,,,,,,,,,May-92
1992m06,24.61,,,31.36,28.88,,24.38,29.36,25.16,24.2,,38.54,,,,28.22,,,31.34,,,,,,,,,Jun-92
1992m07,24.53,,,31.36,29.31,,24.54,29.76,24.84,24.34,,38.69,,,,28,,,31.68,,,,,,,,,Jul-92
1992m08,25.29,,,31.81,30.23,,25.15,30.03,25.22,25.85,,38.81,,,,28.46,,,32.24,,,,,,,,,Aug-92
1992m09,30,,,33.24,32.16,,27.05,30.21,24.74,28.44,,37.25,,,,30.87,,,33.94,,,,,,,,,Sep-92
1992m10,34.27,,,35.54,33.47,,28.56,30.05,25.04,30.89,,34.78,,,,33.06,,,35.36,,,,,,,,,Oct-92
1992m11,34.44,,,36.04,33.57,,29.4,30.02,25.72,31.84,,35.78,,,,33.45,,,35.81,,,,,,,,,Nov-92
1992m12,34.19,,,35.56,33.2,,28.4,29.61,26.69,31.62,,34.32,,,,33.05,,,35.45,,,,,,,,,Dec-92
1993m01,33.66,,,34.27,31.9,,28.41,30.03,27.16,31.19,,33.16,,,,32.35,,,34.95,,,,,,,,,Jan-93
1993m02,33.91,,,34.54,31.98,,25.41,30.75,27.35,30.87,,32.75,,,,32.56,,,35.06,,,,,,,,,Feb-93
1993m03,30.22,,,34.62,31.74,,25.47,30.25,27.5,29.96,,32.08,,,,31.79,,,35.01,,,,,,,,,Mar-93
1993m04,28.53,,,34.24,30.88,,25.11,30.44,27.43,28.39,,32.69,,,,30.97,,,34.41,,,,,,,,,Apr-93
1993m05,25.95,,,33.37,30.05,,25.31,30.28,25.49,26.78,,34.25,,,,30.11,,,33.69,,,,,,,,,May-93
1993m06,26.24,,,33.37,29.59,,25.53,30.56,24.3,26.79,,34.71,,,,29.13,,,32.96,,,,,,,,,Jun-93
1993m07,26.28,,,33.01,29.65,,25.45,30.23,23.24,26.96,,34.15,,,,28.76,,,32.75,,,,,,,,,Jul-93
1993m08,26.74,,,32.03,30.62,,25.57,29.93,22.91,28.25,,33.83,,,,29.12,,,33.59,,,,,,,,,Aug-93
1993m09,28.84,,,32.79,31.96,,26.92,29.43,24.13,30.69,,33.46,,,,31.06,,,34.53,,,,,,,,,Sep-93
1993m10,31.12,,,33.88,32.65,,28.42,29.29,25.78,31.37,,33.62,,,,33,,,35.12,,,,,,,,,Oct-93
1993m11,33.73,,,34.41,32.83,,29.29,30.51,26.54,31.59,,33.44,,,,34.17,,,35.25,,,,,,,,,Nov-93
1993m12,33.83,,,34.4,32.18,,28.84,29.88,27.56,31.81,,33.06,,,,33.46,,,34.93,,,,,,,,,Dec-93
1994m01,32.11,,,34.34,31,,29.14,32,26.72,30.96,,33.3,,,,32.41,,,34.23,,,,,,,,,Jan-94
1994m02,32,,,34.34,30.8,,27.47,31.95,27.14,29.92,,33.53,,,,32.43,,,33.86,,,,,,,,,Feb-94
1994m03,29.12,,,34.28,30.38,,25.94,32.09,27.32,28.35,,33.17,,,,31.66,,,33.5,,,,,,,,,Mar-94
1994m04,26.81,,,33.96,29.91,,25.33,32.24,27.06,25.88,,34.16,,,,29.57,,,33.15,,,,,,,,,Apr-94
1994m05,25.47,,,34.32,29.45,,25.57,31.99,26.5,25.85,,34.4,,,,27.73,,,32.79,,,,,,,,,May-94
1994m06,23.83,,,33.43,29.19,,25.36,31.7,26.95,26.16,,34.46,,,,27.51,,,32.13,,,,,,,,,Jun-94
1994m07,24.71,,,32.68,28.87,,25.22,31.73,26.55,27.57,,34.09,,,,27.07,,,31.31,,,,,,,,,Jul-94
1994m08,28.33,,,31.8,29.47,,25.57,31.99,27.12,30.09,,33.67,,,,27.87,,,31.29,,,,,,,,,Aug-94
1994m09,29.64,,,33.67,30.9,,27.11,32.6,27.3,32.04,,33.69,,,,31.29,,,33.12,,,,,,,,,Sep-94
1994m10,32.45,,,34.52,31.82,,28.55,32.48,27.17,32.43,,33.72,,,,34,,,34.41,,,,,,,,,Oct-94
1994m11,33.57,,,34.51,31.92,,28.96,32.58,27.83,32.39,,33.7,,,,34.12,,,34.77,,,,,,,,,Nov-94
1994m12,33.19,,,34.21,31.49,,27.79,32.55,27.98,31.75,,33.54,,,,33.64,,,34.74,,,,,,,,,Dec-94
1995m01,33.3,,,34,31.16,,28.23,33.34,27.5,31.26,,33.01,,,,33.74,,,34.4,27.96,,,,,,33.76,31.18,Jan-95
1995m02,33.51,,,33.61,30.77,,27.06,33.33,27.51,29.83,,32.4,,,,32.75,,,33.94,27.67,,,,,,32.24,29.79,Feb-95
1995m03,31.38,,,33.72,31.39,,25.41,32.83,26.48,28.62,,32,,,,31.71,,,34.49,28.76,,,,,,29.93,28.6,Mar-95
1995m04,29.46,,,34.1,30.92,,25.98,32.78,26.01,26.8,,31,,,,30.14,,,34.47,28.62,,,,,,27.64,28.21,Apr-95
1995m05,27.27,,,33.44,30.49,,26.7,32.82,26.52,26.35,,30.76,,,,28.93,,,33.04,28.51,,,,,,27.43,30.79,May-95
1995m06,27.26,,,33.25,30.2,,26.69,32.29,26.66,26.66,,30.85,,,,28.66,,,32.23,28.3,,,,,,27.08,31.98,Jun-95
1995m07,27.86,,,32.48,29.71,,26.49,31.87,26.87,28.22,,31.21,,,,28.19,,,31.57,27.94,,,,,,27.55,33.77,Jul-95
1995m08,29.64,,,31.96,29.9,,26.84,32.07,26.66,30.52,,32.27,,,,28.71,,,31.01,27.85,,,,,,31.14,34.89,Aug-95
1995m09,30.96,,,33.06,31.54,,28.41,32.66,26.91,32.26,,33.05,,,,31.85,,,32.23,28.14,,,,,,35.84,36.41,Sep-95
1995m10,31.86,,,34.04,32.63,,29.91,32.9,27.26,32.71,,32.66,,,,34.33,,,33.69,29.02,,,,,,35.77,35.44,Oct-95
1995m11,33.82,,,34.28,33.34,,30.62,32.64,27.75,33.53,,32.9,,,,35.4,,,34.78,29.47,,,,,,35.75,35.5,Nov-95
1995m12,33.75,,,34.16,33.09,,29.9,32.56,28.23,33.17,,33.38,,,,35.42,,,35.41,29.26,,,,,,35.27,35.38,Dec-95
1996m01,33.61,,,34.54,32.08,,29.68,31.05,28.38,31.97,,33.86,,,,34.78,,,35.05,29.23,,29.56,,,,34.46,33.95,Jan-96
1996m02,32.91,,,34.35,31.6,,28.67,30.66,28.68,31.1,,34.19,,,,34.19,,,34.61,29.14,,29.48,,,,32.17,31.81,Feb-96
1996m03,29.5,,,34.26,30.93,,27.71,30.81,28.67,29.34,,34.76,,,,32.42,,,33.79,29.14,,29.54,,,,29.07,32.55,Mar-96
1996m04,27.36,,,33.6,30.08,,26.62,31.13,28.31,27.38,,35.97,,,,30.39,,,32.7,28.61,,29.62,,,,26.3,32.97,Apr-96
1996m05,27.23,,,33.06,29.41,,27.14,31.59,27.56,27.39,,36.7,,,,28.83,,,29.69,28.1,,29.47,,,,26.27,35.62,May-96
1996m06,26.52,,,32.83,28.85,,27.43,31.48,27.34,27.03,,36.93,,,,28.41,,,30.61,27.77,,29.38,,,,26.83,37.63,Jun-96
1996m07,26.52,,,33,29.02,,27.45,31.81,27.01,28.94,,37.07,,,,28.54,,,30.07,28.11,,29.46,,,,27.12,39.58,Jul-96
1996m08,27.3,,,32.73,29.33,,27.56,31.65,26.81,31.07,,37.07,,,,29.55,,,30.09,28.09,,29.64,,,,30.36,39.55,Aug-96
1996m09,29.17,,,33.59,30.36,,29.16,31.48,26.7,32.44,,37.49,,,,32.44,,,30.7,28.85,,29.66,,,,35.26,40.59,Sep-96
1996m10,30.3,,,34.03,30.9,,30.41,31.81,26.76,32.96,,37.68,,,,34.94,,,31.23,29.2,,29.79,,,,35.52,39.61,Oct-96
1996m11,32.53,,,34.09,30.99,,31.81,31.98,27.4,33.03,,37.47,,,,35.72,,,31.59,29.08,,29.66,,,,34.65,37.7,Nov-96
1996m12,32.49,,,34.12,30.56,,31.57,31.75,27.41,32.47,,37.98,,,,35.25,,,31.79,29.08,,29.58,,,,34.45,36.92,Dec-96
1997m01,32.42,,,34.02,29.83,,30.27,32.07,27.49,31.61,,38.3,,,,34.63,,,31.88,28.72,,29.71,,,,32.79,34.22,Jan-97
1997m02,30.85,,,33.44,29.24,,29.12,31.71,27.48,30.16,,37.7,,,,32.99,,,31.52,28.17,,29.53,,,,32.61,33.84,Feb-97
1997m03,28.7,,,33.33,28.93,,27.46,31.72,27.31,28.19,,37.33,,,,31.22,,,31.56,27.97,,29.54,,,,28.57,32.67,Mar-97
1997m04,27.79,,,32.84,28.84,,26.95,31.68,27,26.59,,37.51,,,,30.39,,,31.46,28.07,,29.47,,,,27.17,32.78,Apr-97
1997m05,26.56,,,33,28.47,,26.49,31.46,27.01,26.82,,37.47,,,,28.75,,,30.85,27.58,,29.36,,,,26.79,33.37,May-97
1997m06,25.94,,,32.64,28.26,,26.43,31.52,26.44,26.5,,37.09,,,,28.33,,,29.87,27.22,,29.21,,,,26.73,35.44,Jun-97
1997m07,25.56,,,32.11,28.27,,27.21,31.88,26.15,28.13,,37.11,,,,28.46,,,29.31,27.01,,28.99,,,,26.73,37.8,Jul-97
1997m08,27.13,,,31.77,28.64,,27.7,32.18,26.71,29.83,,36.93,,,,29.45,,,29.71,26.92,,28.94,,,,31.62,38.52,Aug-97
1997m09,30.26,,,32.97,29.92,,29.6,32.83,27.03,31.38,,37.09,,,,32.55,,,31.58,27.51,,28.97,,,,33.92,38.77,Sep-97
1997m10,34.1,,,33.77,31.41,,30.15,32.23,27.45,32.37,,36.76,,,,35.17,,,33.67,28.45,,28.89,,,,34.52,36.96,Oct-97
1997m11,34.56,,,34.08,32.17,,31.25,32.39,27.77,32.85,,36.49,,,,37.13,,,34.79,29.01,,28.75,,,,34.16,35.28,Nov-97
1997m12,34.29,,,34.02,31.47,,30.17,32.28,28.12,32.14,,36.39,,,,36.55,,,34.88,28.84,,28.68,,,,33.74,34.93,Dec-97
1998m01,33.34,,,33.35,30.59,,29.21,32.19,28.18,31.56,,36.02,,,,34.83,,,34.4,28.7,,28.87,,,,31.18,33.12,Jan-98
1998m02,31.82,,,33.21,30.39,,27.53,32.48,28.35,30.87,,35.49,,,,34.15,,,34.09,28.71,,28.86,,,,30.94,32.48,Feb-98
1998m03,29.08,,,33.12,30.05,,26.05,30.63,28.41,28.95,,35.43,,,,32.48,,,33.38,28.57,,28.79,,,,27.95,32.95,Mar-98
1998m04,27.34,,,32.99,29.79,,26.75,29.47,28.57,27.38,,34.9,,,,31.1,,,32.99,28.22,,28.77,,,,26.76,33.13,Apr-98
1998m05,26.62,,,32.67,29.6,,27.08,30.25,28.4,27.18,,35.03,,,,30.04,,,32.65,27.94,,28.94,,,,26.57,33.82,May-98
1998m06,26.19,,,32.33,29.34,,27.26,30.86,28.4,27.03,,34.6,,,,29.62,,,32.09,27.65,,28.88,,,,26.39,35.02,Jun-98
1998m07,26.3,,,32.19,29.76,,27.33,31.45,28.03,29.04,,34.36,,,,30.25,,,32.07,27.52,,28.9,,,,28.35,36.74,Jul-98
1998m08,28.7,,,32.39,30.5,,27.77,31.15,27.96,31.16,,34.33,,,,31.99,,,32.55,27.49,,28.94,,,,31.77,36.63,Aug-98
1998m09,32.07,,,33.16,32.1,,29.29,30.63,27.47,32.5,,34.3,,,,35.06,,,33.11,28.51,,28.98,,,,33.61,36.08,Sep-98
1998m10,34.54,,,34.01,33.44,,30.64,30.75,27.98,33.17,,34.47,,,,37.09,,,33.59,29.43,,29.08,,,,34.11,33.75,Oct-98
1998m11,34.66,,,34.26,33.58,,30.51,31.58,28.27,33.28,,34.25,,,,38,,,33.75,30.71,,29.06,,,,34.08,33,Nov-98
1998m12,34.26,,,33.97,32.89,,29.74,31.65,28.67,32.71,,34.3,,,,32.51,,,33.47,31.52,,29.07,,,,33.76,32.18,Dec-98
1999m01,32.05,,,33.46,31.07,,28.43,32.04,28.64,31.83,,34.46,,,,34.66,,,30.57,30.52,,29.12,,,,34.31,31.39,Jan-99
1999m02,30.69,,,32.68,30.82,,27.31,32.22,28.65,30.99,,34.49,,,,33.52,,,29.91,30.45,,29.12,,,,34.22,32.01,Feb-99
1999m03,28.01,,,32.43,29.94,,25.89,32.26,28.65,29.18,,34.42,,,,31.66,,,28.93,30.09,,29.12,,,,31.06,31.67,Mar-99
1999m04,26.15,,,32.16,29.05,,25.78,31.96,28.27,27.53,,34.34,,,,30.07,,,27.29,29.14,,29.12,,,,29.89,31.42,Apr-99
1999m05,23.23,,,31.75,28.47,,25.62,32.02,27.69,27.45,,34.3,,,,29.5,,,26.63,28.2,,29.12,,,,29.3,32,May-99
1999m06,24.24,,,31.62,28,,25.75,32.18,27.45,26.97,,33.97,,,,28.71,,,26.75,27.91,,29.12,,,,29.07,34.56,Jun-99
1999m07,24.81,,,31.05,27.71,,25.83,32.04,26.78,28.49,,33.92,,,,28.83,,,27.39,27.54,,29.12,,,,30.49,35.8,Jul-99
1999m08,27.86,,,31.19,28.44,,26.6,31.89,26.65,30.64,,33.93,,,,30.89,,,28.02,27.54,,29.12,,,,34.62,36.35,Aug-99
1999m09,29.62,,,31.88,29.67,,27.79,31.77,26.52,31.55,,33.9,,,,32.95,,,28.65,28.27,,29.12,,,,36.42,37.19,Sep-99
1999m10,32.42,,,33.36,31.44,,29.36,31.67,26.75,32.6,,33.96,,,,35.35,,,31.01,29.14,,29.12,,,,37.02,36.68,Oct-99
1999m11,33.66,,,33.75,32.2,,29.52,31.91,27.3,32.99,,33.96,,,,36.32,,,31.52,29.51,,29.12,,,,37.13,34.99,Nov-99
1999m12,33.07,,,33.47,31.53,,28.26,31.88,27.31,32.74,,33.93,,,,35.72,,,31.96,29.51,,29.12,,,,37.1,34.95,Dec-99
2000m01,32.05,,,33.18,30.76,,26.91,32.3,27.62,32.31,,34,,,,33.91,,,31.55,30.16,,29.12,,,,34.91,32.81,Jan-00
2000m02,30.22,,,32.91,30.29,,25.94,32.27,27.53,31.2,,33.96,,,,32.3,,,30.46,29.51,,29.12,,,,34.81,33.03,Feb-00
2000m03,28.93,,,32.9,29.98,,25.24,32.22,27.41,29.55,,33.96,,,,30.76,,,29.61,29.07,,29.12,,,,30.93,33.39,Mar-00
2000m04,26.82,,,32.62,29.64,,25.32,32.25,26.99,28.35,,33.95,,,,29.65,,,29.7,28.42,,29.12,,,,31.08,33.64,Apr-00
2000m05,26.1,,,32.18,29.05,,25.48,32.2,26.68,27.88,,33.95,,,,29,,,29.61,27.69,,29.12,,,,30.47,34.35,May-00
2000m06,25.98,,,31.9,29.26,,25.86,32.33,26.55,27.47,,33.95,,,,28.88,,,29.73,27.47,,29.12,,,,30.68,35.72,Jun-00
2000m07,27.14,,,31.64,30.28,,26.55,32.44,26.53,30.05,,34.15,,,,29.85,,,30.29,27.47,,29.12,,,,33.04,37.72,Jul-00
2000m08,29.5,,,31.91,31.26,,27.53,32.37,26.64,31.91,,34.18,,,,31.04,,,35.69,27.83,,29.12,,,,35.91,38.5,Aug-00
2000m09,31.66,,,32.7,32.19,,29.43,32.46,27.21,32.79,,34.21,,,,33.54,,,35.68,28.92,,29.12,,,,37.35,39.28,Sep-00
2000m10,33.37,,,33.84,34.01,,31.35,32.45,27.7,34.14,,34.55,,,,35.28,,,35.67,29.8,,29.12,,,,37.66,38.3,Oct-00
2000m11,35.05,,,33.8,34.86,,30.99,32.62,28.61,34.36,,34.45,,,,35.99,,,35.67,30.67,,29.12,,,,37.51,36.68,Nov-00
2000m12,34.41,,,33.66,34.07,,29.9,32.4,29.35,33.81,,34.42,,,,35.47,,,33.76,31.03,,29.12,,,,35.57,35.38,Dec-00
2001m01,33.07,,,34.56,33.27,,29.03,33,30.19,33.75,,36.8,,,,34.36,,,32.97,31.32,,31.54,,,,36.07,33.41,Jan-01
2001m02,31.58,,,34.44,32.77,,28.04,33,30.48,32.8,,36.8,,,,32.82,,,32.09,31.61,,31.87,,,,36.3,33.03,Feb-01
2001m03,30.07,,,34.7,32.41,,27.19,32.46,30.63,31.03,,36.8,,,,31.68,,,30.84,31.54,,32.04,,,,32.24,32.38,Mar-01
2001m04,29,,,34.3,32.22,,26.88,32.46,30.27,29.69,,39.17,,,,30.55,,,31.06,31.9,,32.24,,,,32.45,31.22,Apr-01
2001m05,28.68,,,33.77,32.38,,27.54,33.16,30.5,29.59,,39.17,,,,30.42,,,31.22,31.9,,32.37,,,,31.61,32.42,May-01
2001m06,28.36,,,33.54,32.63,,27.89,32.91,30.36,29.18,,39.17,,,,31.25,,,32.44,32.41,,32.22,,,,31.41,31.97,Jun-01
2001m07,30.04,,,33.31,33.44,,28.12,33.22,31.2,31.17,,39.17,,,,32.42,,,31.28,32.78,,33.13,,,,33.72,31.63,Jul-01
2001m08,31.51,,,33.45,34.4,,28.98,33.15,30.6,32.81,,39.17,,,,34.13,,,36.96,33.36,,33.04,,,,36.73,32.33,Aug-01
2001m09,34.16,,,34.4,36.34,,30.16,32.87,30.68,34.15,,39.17,,,,37.63,,,37.13,34.88,,33.31,,,,38.36,31.58,Sep-01
2001m10,35.57,,,34.96,36.85,,31.33,32.88,31.08,34.26,,39.17,,,,38.24,,,37.79,35.46,,33.65,,,,38.82,32.21,Oct-01
2001m11,36.42,,,35.19,37.17,,31.59,33.45,31.03,34.78,,39.17,,,,39.61,,,38.86,36.99,,34.09,,,,38.98,32.55,Nov-01
2001m12,35.12,,,35.2,36.05,,29.7,33.4,31.12,34.66,,39.17,,,,38.94,,,36.78,36.99,,34.41,,,,39.37,31.91,Dec-01
2002m01,33.14,,25.05,34.85,33.8,,28.39,33.61,30.73,33.57,,39.17,,,,36.92,28.53,,33.49,35.31,,34.08,,,,36.47,32.74,Jan-02
2002m02,30.29,,25.21,34.32,32.57,,27.35,33.79,29.6,32.18,,39.33,,,,33.91,28.55,,32.99,34.59,,33.84,,,,36.15,32.57,Feb-02
2002m03,28.2,,25.47,34.44,32.17,,25.99,33.87,29.26,30.54,,39.33,,,,32.3,28.6,,31.04,34.06,,33.86,,,,33.07,32.9,Mar-02
2002m04,26.5,,26.32,34.44,30.95,,25.47,33.8,28.89,29.12,,38.83,,,,31.09,28.68,,30.42,32.08,,33.54,,,,33,32.63,Apr-02
2002m05,25.47,,25.97,33.89,29.71,,25.57,33.91,28.65,29.41,,38.83,,,,29.78,28.51,,30.25,30.08,,33.27,,,,32.68,32.33,May-02
2002m06,24.96,,25.97,33.36,28.92,,25.45,33.62,28.45,28.76,,38.83,,,,29.49,28.28,,30.27,29.49,,32.92,,,,32.49,32.71,Jun-02
2002m07,25.6,,26.34,33.24,28.85,,25.38,34.1,28.77,30.17,,39,,,,30.28,27.87,,30.34,29.23,,32.83,,,,35.32,32.59,Jul-02
2002m08,27.76,,25.33,33.12,29.34,,25.85,34.1,28.15,31.99,,39,,,,31.98,27.96,,35.02,29.23,,33.16,,,,37.29,32.34,Aug-02
2002m09,30.13,,25.93,34.06,30.51,,27.22,34.43,27.74,32.89,,39,,,,35.09,28.46,,35.12,30.48,,33.21,,,,38.84,33.82,Sep-02
2002m10,32.35,,25.57,34.99,32.16,,28.79,34.46,27.81,33.05,,38.94,,,,36.67,28.77,,35.49,31.17,,33.32,,,,39.8,34.94,Oct-02
2002m11,32.8,,25.58,35.14,32.56,,29.46,34.44,28.28,32.93,,37.88,,,,36.61,29.52,,35.83,31.44,,28.16,,,,40.04,34.7,Nov-02
2002m12,32.54,,25.22,34.84,31.76,,28.46,34.07,28.18,32.7,,37.59,,,,36.71,29.79,,33.52,32.24,,33.68,,,,39.83,34.2,Dec-02
2003m01,29.78,,24.8,34.54,30.9,17.78,28.1,33.95,28.71,32.83,,35.91,36.39,13.63,15.4,35.33,29.15,,30.61,31.47,17.7,33.78,,28.43,22.28,36.46,33.49,Jan-03
2003m02,28.79,,24.59,34.34,30.6,17.54,26.55,34.28,28.58,31.99,,35.61,36.13,13.91,15.5,33.8,28.6,,30.04,31.2,17.1,33.63,,28.19,22.12,36.24,33.7,Feb-03
2003m03,26.8,,24.32,34.12,29.8,17.59,25.42,34.18,28.18,30.03,,35.61,36.14,13.83,15,32.06,28.46,,28.82,31.08,16.4,33.49,,27.98,21.79,33.08,33.19,Mar-03
2003m04,25.41,,24.08,33.58,29.06,17.43,25.01,34.46,28.21,28.54,,35.12,37.02,13.73,11.2,31.03,28.37,,28.82,29.73,16.33,32.64,,27.77,21.38,32.98,33.45,Apr-03
2003m05,24.34,,23.95,32.66,28.42,17.54,25.22,34.49,28.03,28.7,,34.95,36.41,13.32,11,30.24,28.11,,29.14,28.01,15.5,31.79,,27.37,21.32,32.86,33.33,May-03
2003m06,24.39,,23.84,32.1,27.7,17.74,25.13,34.39,28.1,27.94,,34.95,35.99,13.13,13.6,29.18,26.21,,29.14,27.93,14.8,31.63,,26.69,21.08,32.7,33.47,Jun-03
2003m07,25,,23.37,31.96,27.75,17.74,25.13,34.47,28.1,29.53,,34.95,36.53,13.15,13,29.67,25.81,,29.6,27.25,14.6,31.72,,26.31,21.1,35.29,33.12,Jul-03
2003m08,26.27,,23.04,31.94,28.16,17.56,28.01,34.55,27.91,31.07,,34.95,36.47,13.24,13.2,30.93,26.2,,34.58,27.48,14.9,31.47,,26.24,21.01,36.88,33.36,Aug-03
2003m09,27.88,,23.14,32.92,29.73,18.26,29.35,34.5,28.13,32.73,,34.95,36.9,12.98,13.3,33.51,27.13,,34.58,28.69,15,31.67,,26.99,21.23,38.85,34.98,Sep-03
2003m10,29.35,,23.56,33.08,31.47,19.9,30.89,34.6,29.37,33.32,,34.95,37.38,13.3,13.5,35.49,27.72,,34.85,30.41,15.3,34.02,,27.73,21.49,39.53,34.98,Oct-03
2003m11,29.83,,23.66,30.26,31.93,20.85,31.92,34.5,30.11,33.39,,34.97,37.75,13.66,16.1,35.82,27.12,,35.19,31.18,16.2,34.38,,28,21.72,39.74,34.49,Nov-03
2003m12,29.46,,23.55,30.24,30.74,22.2,29.86,34.47,30.64,32.87,,34.99,37.75,14.31,16.4,35.33,25.78,,32.91,32.49,16.6,34.46,,28.1,21.79,39.82,33.83,Dec-03
2004m01,30.86,,23.51,30.21,29.98,21.07,29.35,34.53,30.62,31.91,,34.99,37.65,14.72,15.21,34.38,23.33,,29.63,30.73,16.4,34.66,,27.95,22.31,35.73,33.08,Jan-04
2004m02,29.56,,23.38,30.2,29.08,22.33,28.01,34.66,30.67,31.01,,34.99,37.75,16.28,15.05,32.34,23.44,,28.14,30.08,16,34.35,,27.57,22.45,35.56,32.71,Feb-04
2004m03,28.36,,23.5,30.2,28.86,25.03,27.7,35.1,30.67,29.71,,34.99,37.38,17.53,15.25,31.56,24.41,,26.57,30.11,16.3,33.12,,27.61,22.76,32.5,32.18,Mar-04
2004m04,27.07,,23.77,29.02,28.28,24.74,27.29,34.96,30.98,27.7,,34.99,40.53,17.81,14.98,31.11,24.7,,26.04,28.84,16.5,32.92,,27.46,22.82,32.34,31.55,Apr-04
2004m05,26.44,,24.33,31.18,27.99,24.45,27.49,35,30.28,27.77,,34.99,40.43,17.57,15.81,30.27,24.65,,26.04,27.85,16.9,32.75,,26.97,22.26,32.05,31.68,May-04
2004m06,26.1,,24.61,31.07,27.78,24.25,27.49,35,30.21,27.17,,34.99,40.35,17.75,16.96,29.62,24.34,,26.04,27.98,17.8,32.6,,26.22,22.61,32.83,31.52,Jun-04
2004m07,26.61,,24.79,31.07,27.87,24.04,27.8,34.99,30.03,29.06,,34.99,39.06,17.8,16.66,30.07,24.13,,30.47,28.1,18.7,32.6,,25.52,22.68,36.57,31.23,Jul-04
2004m08,27.59,,24.72,30.79,28.42,24.53,28.32,35.01,30.42,31.24,,34.99,40.67,17.98,16.62,30.47,24.32,,31.84,28.14,19.1,32.34,,25.37,22.61,37.34,31.26,Aug-04
2004m09,29.61,,24.99,31.59,29.69,24.48,30.07,36.71,30.78,32.16,,34.99,40.77,17.98,17.81,32.52,25.21,,31.95,29.01,19.7,32.65,,25.62,22.87,38.67,32.58,Sep-04
2004m10,31.06,,25.48,31.46,30.99,23.83,31.3,39.71,31.25,32.17,,34.99,39.35,17.91,18.61,34.56,26.24,,32.14,30.76,23.4,33.84,,26.15,23.35,37.44,32.69,Oct-04
2004m11,31.48,,25.86,31.49,31.5,23.86,31.5,36.75,31.56,32.32,,35.17,39.47,17.7,19.29,35.11,26.7,,32.36,31.57,24.7,34.2,,26.34,23.88,37.59,32.7,Nov-04
2004m12,31.35,,26.51,29.06,30.52,24.61,30.17,36.82,31.63,31.98,,34.87,41.72,18.23,20.29,35.27,26.73,,31.71,31.58,25.5,34.42,,26.53,24.43,35.79,32.2,Dec-04
2005m01,29.44,,27.05,29.03,29.53,25.8,29.45,37.04,31.61,32.16,,34.34,39.86,18.85,20.6,33.19,26.86,,28.31,31.02,25.6,30.2,,26.44,25.07,34.42,31.63,Jan-05
2005m02,28.33,,27.4,29.02,29.15,25.81,28.83,37.24,31.24,31.57,,34.34,39.86,18.63,20.9,31.99,27.29,,27.97,30.28,26.2,30.2,,26.59,25.57,34.05,31.39,Feb-05
2005m03,27.75,,27.6,29.01,28.82,25.98,27.8,37,30.81,29.98,,34.34,39.16,19.02,20.9,30.75,26.89,,26.23,30.17,25.4,28.5,,26.5,25.4,31.23,31.38,Mar-05
2005m04,26.07,,27.05,28.72,27.9,25.55,27.39,37.12,30.48,27.79,,33.57,38.92,19.95,19.9,29.19,25.86,,26.27,28.77,24,27.94,,26.25,24.29,31.08,29.14,Apr-05
2005m05,25.84,,26.81,28.75,27.44,25.32,27.18,37.02,30.23,27.35,,33.57,37.9,20.23,18.9,28.43,24.63,,26.27,27.85,23.73,27.6,,26.03,24.33,30.73,28.94,May-05
2005m06,25.49,,26.84,28.75,27.26,25.21,26.98,35,29.84,27.89,,33.57,39.18,21.97,18.37,28,24.29,,26.27,27.71,23.96,27.29,,25.88,24.38,31.37,28.81,Jun-05
2005m07,25.47,,26.36,28.7,27.36,25.04,26.88,36.86,29.76,29.47,,33.57,40.32,21.85,17.9,28.4,24.09,,26.44,27.68,23.57,27.15,,25.46,23.85,34.98,28.11,Jul-05
2005m08,26.8,,26.88,28.69,28.03,25.11,27.39,35.12,29.71,31.92,,33.57,40.32,21.91,18.24,29.78,25.56,,31.8,28.27,23.82,27.5,,25.58,23.89,36.13,28.36,Aug-05
2005m09,27.78,,27.2,28.7,28.77,25.22,28.32,35.26,30.07,32.61,,33.57,40.5,22.25,19.29,31.15,24.66,,31.8,28.77,24.97,28.5,,25.88,24.37,37.8,29.06,Sep-05
2005m10,29.23,,26.91,29.75,29.69,25.26,30.69,35.26,30.04,32.38,,33.57,40.79,22.89,20.48,32.53,24.99,,31.8,30.55,25.28,29.2,,26.42,24.04,38.32,29.47,Oct-05
2005m11,29.6,,27.28,29.89,30.19,25.32,30.48,35.76,30.04,32.29,,33.57,43.2,23.56,21.05,33.3,25.46,,31.81,31.71,25.4,29.4,,26.24,24.45,38.48,28.53,Nov-05
2005m12,29.7,,27.49,30.05,29.51,25.35,29.66,34.71,30.28,32.22,,33.57,41.14,23.31,21.3,33.47,25.55,,29.27,31.66,26.91,29.4,,27,25.15,36.77,28.8,Dec-05
2006m01,28.35,,27.56,30.16,27.25,24.63,28.11,35.33,30.32,30.84,,32.28,41.12,24.02,21.65,31.83,25.4,,27.64,30.7,26.62,29.2,,26.78,25.11,35.62,28.39,Jan-06
2006m02,27.54,,27.63,29.74,26.75,25.02,27.7,35.46,29.56,30.26,,32.28,40.85,24.09,21.47,30.18,24.8,,27.64,30.64,26.41,29.2,,26.55,25.11,35.47,28.86,Feb-06
2006m03,26.73,,27.36,29.76,26.45,24.54,26.98,35.39,29.45,28.46,,32.28,40.57,23.99,21.54,29.92,24.15,,25.73,30.05,25.87,26.9,,26.77,25.28,32.58,28.38,Mar-06
2006m04,25.67,,27.16,28.95,26.3,24.31,26.46,35.22,29.16,26.16,,32,40.57,23.95,20.48,28.57,23.06,,25.44,29.15,25.16,26.5,,26.01,24.78,32.38,28.54,Apr-06
2006m05,25.38,,27,28.42,26.15,24.15,26.46,34.71,29.04,26.17,,32,40.33,23.55,19.66,28.56,23.15,,25.44,28.14,24.94,26.5,,26.03,24.61,31.98,28.04,May-06
2006m06,24.91,,26.62,28.02,26.32,23.93,25.74,34.55,29.02,26.87,,32,40.28,23.25,19.12,27.98,22.28,,25.29,28.06,24,26.2,,25.81,24.29,32.72,27.7,Jun-06
2006m07,24.86,,26.01,27.62,26.35,23.74,25.3,34.56,29.1,28.35,,32,40.48,22.77,18.12,28.52,21.64,,25.49,28.21,23.93,26.2,,25.54,23.73,36.32,27.52,Jul-06
2006m08,26.3,,26.46,27.88,26.7,23.94,27.7,34.54,29.13,30.6,,32,38.9,22.61,18.61,29.69,22.08,,30.92,29.05,24.56,26.4,,25.8,24.18,37.38,27.98,Aug-06
2006m09,27.6,,26.11,28.95,27.45,24.02,27.7,34.54,29.6,31.45,,32,38.88,22.82,19.52,31.26,22.2,,30.92,29.72,24.61,26.4,,26.41,24.74,38.9,29.07,Sep-06
2006m10,28.57,,26.4,29.36,28,24.46,27.7,34.96,30.06,31.28,,32,40.55,23.19,20.8,32.39,23.7,,30.78,31,25.48,27.4,,26.92,25.3,39.61,29.43,Oct-06
2006m11,29.27,,26.82,29.65,28,24.82,27.7,35.03,30.43,31.27,,32,40.86,23.7,21.6,33.35,25.19,,30.78,32,26.66,28.6,,27.21,26.22,39.93,29.77,Nov-06
2006m12,29.01,,27.2,29.24,27.75,24.38,29.1,35.21,30.57,30.48,,32,41.11,24.02,21.79,33.17,25.63,,27.66,32.72,26.81,29.1,,27.27,27.06,38.27,30.16,Dec-06
2007m01,28.1,22.39,27.32,29.11,27.05,24.63,28.3,35.2,30.41,30.44,,32.8,41,23.92,21.79,31.75,27.33,,27.73,31.4,26.49,29.1,,27.29,27.39,37.14,29.3,Jan-07
2007m02,27.78,22.27,26.9,29.24,27.15,24.25,27.18,35.27,30.25,29.93,,32.8,40.9,24.03,22.28,30.21,26.45,,27.93,31.31,26.52,29.1,,27.14,27.45,37.17,29.36,Feb-07
2007m03,27.51,21.83,27.03,28.98,27.15,24.69,25.64,35.09,30.04,28.42,,32.8,40.48,23.68,22.01,29.81,26.63,,26.03,30.68,26.62,28.2,,27.1,28.24,34.22,28.44,Mar-07
2007m04,27.36,20.96,27.08,28.86,27.4,24.72,27.29,35.23,29.73,26.34,,33.16,41,24.06,21.7,29.51,26.98,,26.34,29.97,26.94,27.5,,26.74,27.77,34.01,28.32,Apr-07
2007m05,28.63,20.78,26.9,28.18,27.5,24.75,29.76,35.37,29.97,26.28,,33.16,40.63,24.12,21.24,30.36,26.54,,26.34,29.51,27.26,28.1,,26.46,27.57,33.82,28.63,May-07
2007m06,32.71,21.86,26.57,27.65,29.1,24.71,32.64,36.26,31.32,27.21,,33.16,41.72,23.84,20.37,31.6,26.04,,27.4,29.82,27.02,28.1,,26.23,27.15,34.49,28,Jun-07
2007m07,35.85,23.63,27.06,27.95,31.85,25.62,34.5,36.7,32.9,30.86,,33.16,40.4,23.83,20.8,33.31,26.56,,25.6,31.63,28.09,28.3,,26.55,27.75,38.19,28.2,Jul-07
2007m08,38.48,26.68,28.24,29.83,35,26.22,38.5,38.09,36.2,32.47,,33.16,40.4,25.43,21.19,37.06,26.61,,37.36,32.93,28.84,30.3,,27.05,27.82,39.13,29.72,Aug-07
2007m09,40.57,28.27,29.95,32.77,37,27.95,42.3,40.58,40.63,33.65,,35.16,41.9,27.45,24.18,41.25,28.43,,41.32,37.08,30.9,35,,28.4,28.91,40.73,31.88,Sep-07
2007m10,43.2,28,33.38,36.89,40.5,30.75,44.6,44.1,42.98,37.8,,37.65,42.23,30.07,30.08,45.67,31.51,,45.09,38.75,33.47,37.4,,29.54,30.9,43.32,36.08,Oct-07
2007m11,43.2,32.13,36.35,40.24,41,31.57,45.4,45.84,44.64,37.97,,37.43,43.26,32.39,33.34,46.42,32.59,,40,42,35.69,39.4,,31.58,32.68,43.47,39.01,Nov-07
2007m12,42.15,31.78,36.96,40.1,40.8,32.96,43.25,46.36,45.1,36.9,,38,43.52,33.88,33.28,45.97,33.64,,42.73,42.53,36.7,39.4,,32.29,31.94,41.46,38.69,Dec-07
2008m01,39.5,34.83,37.54,39.84,38.5,33.46,41.09,46.34,44.71,40.93,,38,49.46,34.05,33.11,42.66,36.87,,38.97,42.46,34.3,39.4,,33.41,35.22,40.05,37.87,Jan-08
2008m02,37.58,31.82,38.3,39.58,37,33.61,40.67,45.26,42.63,40.22,,38,48.96,34.19,32.21,41.74,35.8,,38.83,42.02,33.8,39.5,,33.54,35.22,39.83,37.53,Feb-08
2008m03,36.32,31.48,37.45,38.77,35.3,33.55,39.64,44.28,40.42,38.51,,37.58,48.9,32.06,29.25,39.27,34.53,,36.29,41.52,33.22,38.7,,33.3,35.61,36.85,38.15,Mar-08
2008m04,34.65,31.62,35.71,36.47,34,31.18,35.52,43.8,38.62,33.61,,37.11,48.4,28.46,26.12,37.46,33.48,,35.78,40.88,32.43,38.7,,32.92,33.87,36.75,35.72,Apr-08
2008m05,32.43,30.56,33.9,34.98,34,29.16,34.29,42.88,37.69,33.46,,37.51,48.73,26.7,24.07,36.44,32.42,,34.5,39.34,31.46,38.4,,32.78,33.44,41.32,35.5,May-08
2008m06,30.35,29.78,34.26,32.44,32.8,28.89,32.85,43.15,37.14,34.31,,37.42,48.54,25.7,23.17,35.96,32.28,,32.21,38.19,30.73,34.9,,32.37,33.28,42.08,33.62,Jun-08
2008m07,30.06,31.93,33.41,35.53,33.6,28.13,33.57,42.95,36.93,35.9,,37.6,49.51,25.69,22.96,36.04,33.09,,32.52,37.16,31.14,34.8,,32.42,32.32,45.88,35.38,Jul-08
2008m08,30.09,31.56,31.62,38.87,34.1,28.06,33.88,42.89,36.67,37.69,,37.66,50.47,25.28,22.71,36.66,31.93,,37.99,37.08,30.32,35.5,,32.42,31.61,46.9,37.23,Aug-08
2008m09,29.46,31.68,30.74,39.56,33.4,28.44,33.26,42.72,35.94,38.77,,37.62,50.75,25.53,23.72,37.5,31.57,,37.45,38.08,29.46,34.8,,32.95,31.24,48.53,38.16,Sep-08
2008m10,29.06,31.68,29.31,38.47,31.8,27.81,33.98,41.85,35.41,34.38,,37.12,50.88,25.45,23.86,37.92,29.27,,37.13,38.09,27.16,35.1,,33.28,30.45,49.07,36.43,Oct-08
2008m11,27.65,33.05,27.55,36.5,29.8,27.53,33.98,41.26,35.02,34.21,,37.22,51.05,24.94,22.75,35.99,28.09,,36.44,36.27,25.78,33.1,,33.3,27.99,49,34.08,Nov-08
2008m12,27.21,30.75,25.46,35.03,27.8,26.4,33.71,40.98,34.08,33.7,,35.78,51.07,23.58,21.48,34.12,26.76,,32.95,34.93,24.02,33,,33.04,27.3,46.98,31.9,Dec-08
2009m01,24.99,29.25,23.04,30.47,26,24.27,27.6,40.63,33.11,35.9,,33.73,51.31,23.02,19.4,31.56,23.57,,28.64,33.17,22.27,32.5,23.2,30.41,24.39,44.32,25.92,Jan-09
2009m02,23.21,27.78,21.12,29.52,25.2,22.91,26.15,39.78,32.38,34.86,,32.75,51.85,21.33,18.45,29.72,21.22,,27.34,33.14,20.28,32.5,22,29.23,21.39,44.21,26.85,Feb-09
2009m03,21.95,24.62,21.74,27.38,24,21.1,22.45,38.64,30.5,32.04,,31.81,51.87,18.9,17.19,28.06,20.4,,22.59,31.76,20.46,31.7,20,28.09,18.72,36.92,23.48,Mar-09
2009m04,21.6,24.4,22.04,26.31,23,20.2,22.34,37.97,28.8,24.26,,29.64,50.94,16.85,16.66,26.95,19.85,,22.6,29.45,21.05,28.8,20,25.97,17.68,36.87,24.43,Apr-09
2009m05,20.91,24.31,21.92,25.91,22.4,19.76,22.14,37.34,27.48,26.9,,30.44,50.76,15.71,15.69,24.98,20.39,,21.56,28.08,21.02,28.4,20.84,24.71,17.67,36.51,24.64,May-09
2009m06,20.78,23.89,21.81,25.65,22,19.37,21.83,37.2,27.01,27.04,,29.95,50.68,15.54,15.66,23.98,19.8,,23.2,25.62,20.54,28,19.02,24.18,18,37.19,24.8,Jun-09
2009m07,21.11,24.42,22.25,25.38,22,19.05,22.04,36.87,26.85,28.81,,29.11,50.63,15.83,15.31,23.69,20.17,,23.19,25.27,21.33,27.7,18.75,24.08,18.6,36.68,24.29,Jul-09
2009m08,21.59,24.43,22.42,25.79,22.18,19.38,22.86,36.6,27.27,30.03,,29.02,50.58,15.95,15.57,23.97,20.5,,27.02,25.32,22.45,26.4,18.46,24.08,19.54,37.61,25.75,Aug-09
2009m09,23.48,24.16,23,26.6,22.07,19.77,25.02,36.75,28.43,31.02,,29.24,50.69,16.44,16.5,24.69,21.28,,28.06,27.08,22.73,27.4,19.05,24.41,20.96,39.1,27.26,Sep-09
2009m10,26.85,24.92,23.24,28.62,23.1,20.77,28.21,36.69,28.97,29.28,,30.34,50.78,18.31,19.89,26.72,23,,30.12,28.15,23.18,27.6,18.97,24.69,23.24,40.01,28.42,Oct-09
2009m11,28.69,26.52,24.1,28.75,26.64,22.66,28.63,36.84,29.3,29.11,,30.43,51.15,21.87,23.34,28.68,23.62,,33.36,30.24,25.23,28.4,21,25.51,25.16,40.37,28.67,Nov-09
2009m12,28.88,25.68,24.88,29.96,26,23.42,27.49,36.97,30.09,28.92,,30.36,51.75,24.11,25.18,28.81,23.88,,33.61,30.56,25.73,28.9,23,25.41,25.99,38.29,29.53,Dec-09
2010m01,27.96,26.97,25.71,29.83,28.4,25.44,27.08,37.13,29.71,30.99,,31.09,51.44,24.45,24.71,28.43,24.6,,29.66,30.89,26.02,28.4,25.35,25.72,25.84,38.61,28.21,Jan-10
2010m02,27.9,26.26,26.52,29.55,28.14,25.88,27.18,37.44,29.42,29.89,,31.05,51.52,24.33,24.18,27.78,24.99,,28.18,30.62,26.6,28.3,25.01,25.79,26.14,38.43,28.7,Feb-10
2010m03,28.4,26.72,27.29,29.16,27.95,25.88,26.98,37.21,28.83,28.4,,32.87,51.43,24.45,24.07,27.58,25.64,,25.27,30.34,26.92,27.8,24.95,26.09,26.08,35.43,30.48,Mar-10
2010m04,28.66,25.92,27.82,28.88,28.37,26.22,27.8,37.11,28.54,27.67,,32.82,50.61,24.37,23.5,28.21,25.63,,26.55,29.74,26.91,27.4,23.25,26.35,26.03,35.24,30.2,Apr-10
2010m05,29.27,25.72,27.9,29.56,29.41,26.73,30.58,36.47,28.35,27.85,,32.82,50.46,24.42,23.55,28.63,24.34,,28.84,29.96,25.81,27.2,22.28,26.21,26.09,34.78,30.83,May-10
2010m06,29.72,25.49,27.76,30.91,30.08,27.55,30.79,36.37,28.25,29.69,,32.82,50.67,24.37,23.45,28.62,23.82,,31.84,29.68,25.61,27.5,21.53,26.29,26.35,35.5,32.59,Jun-10
2010m07,29.64,25.46,28.35,31.56,30.6,27.42,31.2,36.27,28.35,31.36,,35.7,51.44,24.21,22.55,29.05,24.29,,33.75,31.22,25.82,27.1,21.2,26.2,26.59,39.08,33.28,Jul-10
2010m08,31.13,26.83,28.13,32.21,31.84,27.58,31.92,36.79,28.64,33.97,,35.97,51.37,24.42,22.87,29.91,25.31,41.82,33.75,31.88,27.19,27.5,21.17,26.61,26.96,41.67,35.11,Aug-10
2010m09,32.28,28.44,30.1,33.58,33.37,29.46,33.67,37.22,29.61,34.32,,36.5,51.31,25.34,25.54,31.85,26.66,42.58,33.75,33.33,28.2,29.39,23.92,27.49,27.93,43.37,36.27,Sep-10
2010m10,33.28,30.4,27.6,34.89,34.41,29.9,35.83,38.11,30.58,32.83,,34.77,51.46,26.42,28.67,32.35,28.97,45.15,34.65,33.96,28.94,30.07,25.46,28.09,29.27,44.41,38.2,Oct-10
2010m11,33.53,31.51,31.18,36.21,34.65,30,34.18,38.78,30.97,32.46,,34.77,51.76,26.94,28.94,32.38,29.03,47.05,35.65,34.58,30.1,30.92,26.32,28.5,29.93,44.84,39.23,Nov-10
2010m12,33.81,31.67,31.02,36.9,34.42,30.77,32.73,38.97,31.26,32.12,,34.8,51.68,27.65,29.63,32.51,28.99,47.05,35.65,35.31,29.79,32.22,26.55,28.85,30.57,42.96,41.04,Dec-10
2011m01,33.09,32.24,32.19,35,33.12,31,31.76,39.8,30.97,33.2,,37.46,51.07,28.19,29.17,31.82,29.77,45.09,35.65,34.99,30.02,30.96,27.45,28.78,30.86,40.9,39.56,Jan-11
2011m02,33.86,32.41,32.71,34.5,33.2,31.4,32.92,40.77,30.97,33.06,,37.48,52.02,29.28,29.84,31.63,30.92,43.44,35.65,34.62,30.26,31.14,27.54,28.86,31.21,40.67,39.8,Feb-11
2011m03,33.27,32.67,32.71,34.5,34.06,32.4,32.44,41.34,30.87,32.08,,37.61,52.17,29.82,30.46,31.7,31.15,47.01,36,34.37,30.28,31.02,28.57,29.24,31.21,38.68,38.96,Mar-11
2011m04,32.65,32.49,33,34.5,34.2,32.9,32.15,41.45,30.58,30.41,,38.38,52.1,30.47,30.44,32.04,32.15,47.01,36,34.15,30.24,30.65,29.27,30.11,31.79,40.53,37.96,Apr-11
2011m05,32.22,32.21,33.02,35.5,34.44,32.9,32.05,40.77,30.49,30.53,,38.37,52.09,29.8,29.14,31.87,31.79,47.84,38,34.63,30.24,30.58,28.45,30.1,31.64,40.37,39.07,May-11
2011m06,32.6,32.14,33.15,35.5,34.39,32.7,33.31,42.15,30.78,33.72,,38.37,51.3,28.91,26.62,31.88,31.58,48.34,38,34.56,29.9,30.58,26.71,30.03,31.61,41.93,37.35,Jun-11
2011m07,32.74,32.06,33.16,36,34.53,32.81,33.7,42.18,30.68,35.44,,38.8,51.05,28.74,25.96,31.86,31.52,48.76,38,34.59,30.08,30.51,26.65,30.14,31.39,41.57,36.58,Jul-11
2011m08,32.35,32.2,33.16,36.5,34.74,32.49,34.57,44.31,30.87,35.64,,38.8,50.91,28.67,26.23,32.72,31.13,48.9,37.25,34.6,29.13,30.69,27.05,30.24,31.58,45.33,36.75,Aug-11
2011m09,33.09,32.72,32.86,36,35.48,32.46,37,45.16,31.65,36.41,,39,51.53,28.86,27.8,33.89,30.23,48.84,36.25,35.48,27.98,31.99,27.32,30.69,31.65,45.91,36.81,Sep-11
2011m10,33.62,33.41,32.65,36.5,36.43,32.04,38.26,46.34,32.23,33.65,,39.04,53.02,29.4,29.67,34.5,30.06,48.38,37,36.74,28.33,32.22,29.9,32.04,32.01,46.67,36.8,Oct-11
2011m11,34.17,33.69,32.01,37,36.9,32.04,37.97,46.23,32.52,33.13,,39.07,53.85,29.87,30.23,35.08,29.66,48.26,37.25,38.03,28.91,32.42,29.4,32.75,32.31,45.03,37.21,Nov-11
2011m12,33.65,33.9,31.98,36.5,35.71,32,35.84,47.39,32.82,32.33,,39.05,53.72,30.21,30.1,34.53,30.05,46.61,37.5,38.12,28.74,32.17,30.04,32.7,32.21,44.84,37.57,Dec-11
2012m01,31.97,33.1,31.84,36,33.75,32.73,34.48,47.16,32.33,34.21,,38.95,53.47,30.46,29.89,33.42,30.08,46.39,36.5,37.17,28.82,32.08,29.34,32.42,31.72,45.18,37.16,Jan-12
2012m02,32.13,32.29,32.27,35,33.4,32.88,34.28,46.71,32.14,34.51,,38.9,53.33,30.38,30.35,33.77,31.78,46.09,35.75,37.08,30.34,31.89,29.88,32.27,31.63,45.41,36.71,Feb-12
2012m03,30.25,31.69,32.14,34,32.7,32.7,33.41,45.87,31.46,32.75,,38.89,53.21,30.27,29.28,33.14,31.29,44.02,34.25,36.48,30.25,30.94,28.86,31.44,30.84,43.35,35.57,Mar-12
2012m04,28.93,29.45,30.71,34,31.95,31.33,30.88,45.03,30.78,29.91,,35.72,52.53,29.46,27.01,32.3,29.68,43.92,33.75,34.6,28.79,31.18,27.19,30.49,29.75,43.17,35.11,Apr-12
2012m05,27.44,29.25,28.96,33,30.85,29.64,28.84,44.69,30,29.67,,35.51,52.08,27.43,23.24,29.63,28.48,44.41,32.75,33.73,27.46,30.84,25.46,29.75,28.83,42.93,34.26,May-12
2012m06,26.66,28.22,27.73,32.5,29.15,28.52,28.75,43.65,29.71,32.21,,35.44,51.91,25.58,22.53,27.89,27.6,48.15,32,31.71,26.84,29.21,24.72,29.01,27.69,44.56,34.33,Jun-12
2012m07,26.33,28.09,27.51,32,29.04,27.33,28.45,43.89,29.32,32.66,,35.82,51.97,25.06,21.97,27.23,27.66,49.38,32,31.04,27.34,29.1,24.18,28.11,27.18,44.28,34.67,Jul-12
2012m08,28.03,28.58,28.06,32,29.13,27.37,29.72,44.79,29.32,32.12,,36.12,51.83,25,22.34,28.01,28.45,50.38,32,30.66,28.19,29.27,24.79,28.19,27.24,46.12,35.65,Aug-12
2012m09,29.85,29.58,28.72,33,30.84,27.77,33.31,43.71,30.49,32.28,,36.43,52.56,25.38,24.48,29.41,28.69,50.38,32,31.72,28.13,29.6,26.21,29.13,28.06,46.68,35.72,Sep-12
2012m10,32.24,30.93,29.19,35,33.6,28.54,35.74,45.33,31.26,31.23,,36.81,52.97,26.52,27.82,31.91,30.65,52.58,32.75,32.74,28.95,29.96,27.64,29.81,29.33,47.16,35.53,Oct-12
2012m11,33.84,31.5,29.49,36.5,34.97,29.99,35.93,45.12,31.75,31.37,,37.05,53.17,27.55,29.16,33.12,31.68,55.5,35,34.05,29.73,31.51,28.88,30.39,30.43,45.45,36.38,Nov-12
2012m12,34.56,33.02,30.1,35.5,35.02,31.71,33.7,44.98,32.14,30.55,,38.04,53.22,28.51,30.25,34.09,31.98,54.24,36.9,34.86,30.1,31.5,29.84,30.71,31.03,45.29,38.04,Dec-12
2013m01,34.01,34,32,35.5,34.77,32.19,33.89,45.49,32.72,32.62,,37.84,58.86,28.95,30.41,33.54,31.33,52.62,35.7,35.16,29.75,31.96,30.82,30.76,31.4,45.21,37.01,Jan-13
2013m02,33.87,32.99,31.4,35.5,34.58,32.52,33.21,44.54,32.72,32.89,,37.84,57.81,29.22,30.3,33.61,31.53,52.41,35,35.37,29.63,32.03,30.56,30.75,31.66,45.12,37.32,Feb-13
2013m03,34.37,33.68,31.75,36,34.68,32.97,34.09,44.35,32.82,32.11,,37.84,57.83,29.45,30.47,34,30.56,52.16,34.5,35.63,30.02,32,30.74,30.92,31.73,43.36,38.66,Mar-13
2013m04,35.21,33.7,31.8,36,34.65,32.54,34.48,44.05,32.62,31.23,,37.95,57.6,29.62,28.93,33.92,30.87,51.92,37,35.34,30.26,32.95,29.22,31.1,31.78,43.47,38.28,Apr-13
2013m05,35.71,33.04,32.03,36.5,32.99,32.65,36.22,43.59,32.62,31.98,,38.16,56.8,29.67,28.82,34.4,31.38,52.72,39.5,35.93,30.03,31.6,28.92,31.12,31.54,43.04,38.63,May-13
2013m06,36.13,29.82,32.02,38,36.1,32.79,37.1,43.53,32.91,34.51,,38.32,56.8,29.38,28.59,35.41,31.32,54.91,40,36.2,29.48,32.49,27.12,31.14,31.72,44.35,39.32,Jun-13
2013m07,35.97,32.76,32.23,38,37.56,33.08,36.81,44.02,33.59,36.09,34.54,38.53,56.34,29.49,29.25,35.23,31.54,56.07,40,36.49,30.21,32.51,27.81,31.23,32.02,44.17,39.15,Jul-13
2013m08,37.26,33.26,32.79,38,37.7,33.32,39.33,44.51,33.88,36.32,34.35,39.52,56.23,30.2,30.41,36.03,31.55,53.62,40,37.52,31.17,32.71,27.77,31.68,32.28,47.97,39.05,Aug-13
2013m09,39.58,33.78,33.94,40.5,40,34.49,42.34,44.05,34.95,37.08,36.02,39.82,57.07,31.47,33.82,38.38,32.98,52.33,41.5,38.86,32.64,35.32,29.51,33.05,33.3,48.66,41,Sep-13
2013m10,40.76,35.05,35.06,42.5,41.74,34.6,44.77,44.9,36.99,36.6,36.49,39.92,58.39,32.57,36.45,40.08,34.82,51.24,42.25,40.35,34.07,35.49,31.25,34.53,34.41,49.5,42.45,Oct-13
2013m11,41.85,35.54,33.57,43.5,42.46,35.4,44.87,44.95,37.67,36.99,37.04,40.06,58.18,33.18,36.31,40.99,35.04,49.66,44,41.95,36.55,36.46,32.52,35.23,35.03,47.86,42.37,Nov-13
2013m12,41.87,36.46,33.57,43.5,42.24,37.5,42.63,45.11,38.25,37.2,37.76,40.09,58.32,33.6,36.27,42.92,35.3,49.66,44,42.7,37.17,37.03,33.78,36.12,35.55,48.57,41.97,Dec-13
2014m01,40.54,36.93,34.24,43,41.26,39.52,42.34,45.24,38.16,39.13,37.21,40.35,57.78,34.2,36.45,40.99,35.73,46.58,43,42.6,35.8,36.5,33.06,37.22,35.8,45.57,41.87,Jan-14
2014m02,40.41,36.4,34.47,43.5,40.94,40.12,41.76,45.4,37.86,38.69,37.21,41.24,57.58,34.84,37,40.39,35.23,46.34,43,42.27,35.6,36.5,32.34,37.29,35.95,45.51,42.47,Feb-14
2014m03,40.14,37.02,34.64,43.5,40.55,40.33,39.04,44.38,37.96,36.69,36.64,41.79,57.44,35.15,36.21,40.55,35.09,45.78,42.5,42.24,35.16,36.48,31.44,36.99,35.8,43.48,42.52,Mar-14
2014m04,39.06,35.73,34.46,43,39.72,39.63,38.55,42.93,35.83,34.25,36.64,41.61,56.47,34.17,32.67,40.37,35.03,45.68,41.25,40.56,33.83,37.8,31.58,36.56,35.05,43.56,40.48,Apr-14
2014m05,38.01,34.89,34.11,41,38.87,36.75,37.1,42.73,35.44,33.89,36.31,41.21,55.86,31.76,27.74,38.75,34.43,46.21,42,39.57,32.94,34.65,29.87,35.61,34.47,43.35,40.37,May-14
2014m06,36.41,34.03,33.73,41,37.97,32.8,36.9,42.34,35.44,36.19,35.69,41.21,55.64,29.59,26.14,37.85,33.69,46.21,42,38.33,32.43,34.34,29.15,34.67,33.63,44.87,39.7,Jun-14
2014m07,35.11,33.94,33.54,39,37.18,32.31,35.25,42.36,33.98,37.29,34.06,39.89,54.56,29.32,26.07,36.87,32.35,46.85,39.5,38.21,32.04,33.26,28.85,34.27,33.18,44.6,37.92,Jul-14
2014m08,34.36,33.84,32.54,38,37.09,29.88,36.52,42.31,33.79,38.43,33.97,39.73,54.89,27.21,24.27,36.57,31.8,49.12,39.75,38.37,30.18,33.31,29.05,33.79,32.84,46.37,36.78,Aug-14
2014m09,33.29,33.57,31.99,37.5,36.44,25.15,35.45,42.63,34.08,38.84,34.56,39.17,55.62,23.36,22.78,36.02,32.08,49.12,38,39.02,29.74,33.45,29.19,33.46,32.63,43.81,36.76,Sep-14
2014m10,32.28,33.45,31.57,36,35.14,25.54,38.17,42.22,33.11,36.25,34.62,36.77,57.02,23.33,24.37,34.56,32.14,47.61,37,37.49,29.64,34.09,30.62,32.39,32.49,44.69,35.99,Oct-14
2014m11,31.28,32.58,31.19,36,33.99,25.36,37.58,42.77,33.11,34.93,34.78,36.77,57.62,23.84,25.33,34.03,32.2,47.43,34.5,37.33,29.61,33.88,31.04,32.03,32.06,42.86,35.4,Nov-14
2014m12,31.15,32.53,31.13,34.5,32.48,24.95,33.31,42.89,33.4,33.21,34.97,35.97,57.46,24.25,25.14,33.6,31.41,46.36,30.75,36.72,29.98,34.02,30.35,31.72,31.79,42.82,33.47,Dec-14
2015m01,29.09,31.72,29.76,30.99,30.89,24.13,31.47,42.57,31.84,31.64,34.54,35.54,57.8,22.79,22.91,31.01,28.64,46.17,30.25,35.14,28.55,31.91,30.01,29.65,30.79,41.78,31.33,Jan-15
2015m02,29.02,31.14,29.57,30.98,30.82,23.97,31.95,42.5,31.75,31.52,34,35.43,57.29,22.06,22.23,30.66,28.78,45.68,31.5,34.94,29.09,31.59,28.53,29.16,29.92,36.98,30.57,Feb-15
2015m03,28.49,30.67,29.55,31.23,30.73,25.12,30.01,42.28,31.36,30.33,34.01,35.46,56.65,22.36,23.27,29.95,28.75,45.4,34,34.81,29.57,31.31,27.28,28.89,29.41,36.72,31.35,Mar-15
2015m04,28.21,28.49,28.9,32.82,30.75,24.93,30.79,41.28,30.1,29.93,33.27,34.79,56.65,22.74,23.22,30.06,27.66,44.44,33.25,33.81,29.35,32.49,26.99,28.52,29.08,36.62,31.3,Apr-15
2015m05,27.89,26.62,27.57,32.81,29.8,24.43,28.75,41.79,29.71,29.64,32.92,34.75,55.47,22.41,21.5,29.52,25.68,43.93,32,33.17,28.23,29,24.53,28,27.89,36.51,32.33,May-15
2015m06,27.35,26.56,26.6,30.9,28.83,23.26,28.16,41.58,29.42,30.11,32.24,34.85,55.78,21.33,20.71,28.8,24.29,44.96,30.5,32.69,26.98,28.79,23.56,27.65,27,36.45,31.71,Jun-15
2015m07,26.7,26.19,25.87,30.9,27.94,23.89,27.1,41.54,28.83,30.94,30.78,34.49,55.81,21.04,19.95,28.02,23.9,46.49,30,31.77,26.96,28.1,23.64,27.25,26.43,36.29,30.71,Jul-15
2015m08,27.21,27.22,25.32,29.92,27.77,22.36,27.97,41.58,29.03,32.46,31.05,34.24,54.97,20.4,19.08,28.48,24.03,48.2,28.5,32.04,26.54,28.18,24.21,27.36,26.25,36.8,29.76,Aug-15
2015m09,27.35,27.85,25.42,29.93,28.38,22.6,29.23,41.8,29.51,32.23,31.68,33.76,55.47,20.35,20.12,29.55,24.23,49.6,28.5,32.87,26.56,28.6,25.27,28.02,26.63,37.71,30.88,Sep-15
2015m10,28.27,28.44,26.01,30.58,29.43,22.87,31.08,41.86,30,31.52,32.04,33.93,56.45,20.97,22.06,30.75,24.99,49.34,29,34.12,27.31,28.65,26.96,28.52,27.08,38.06,32.73,Oct-15
2015m11,28.14,28.75,26.4,30.59,29.81,23.56,30.98,41.93,30.1,30.98,32.19,34.07,57.55,21.78,22.84,30.69,25.21,49.26,29.75,34.38,27.41,28.63,27.8,28.65,27.41,38.7,32.83,Nov-15
2015m12,27.41,28.85,26.7,30.69,29.75,23.44,29.43,41.36,30.1,30.16,31.92,34.75,58.13,21.96,22.14,30.33,25.02,47.95,30,34.45,27.39,28.71,27.01,28.33,27.43,38.51,32.98,Dec-15
2016m01,26.84,28.66,26.37,30.69,28.92,23.43,28.26,41.59,29.9,30.42,31.81,34.38,58.49,22,22.57,29,24.76,46.14,29.25,33.22,26.14,28.64,27.27,27.45,27.53,38.07,32.45,Jan-16
2016m02,25.81,28.17,25.49,29.75,28.13,23.2,27.58,40.63,29.71,30.07,29.86,34.09,57.52,21.42,21.42,28.37,24.56,44.12,29.25,31.73,25.6,28,26.92,26.65,26.87,37.83,31.03,Feb-16
2016m03,24.79,27.29,24.51,29.37,27.31,22.74,24.18,38.92,29.42,29.99,29.98,32.14,56.32,20.7,20.73,28.48,23.73,43.66,28.5,31.7,25.71,27.98,26.3,25.13,25.89,37.55,31.43,Mar-16
2016m04,24.08,25.72,23.56,28.48,25.74,21.92,24.08,38,28.93,29.39,29.1,31.49,54.74,19.49,19.38,27.59,22.55,42.94,27.5,30.78,24.43,30.99,24.78,23.64,24.72,37.46,31.17,Apr-16
2016m05,22.85,24.73,22.52,27.42,23.97,21.19,23.99,37.56,28.35,28.78,28.78,31.07,54.71,18.24,17.94,26.1,21.67,43.97,25,29.77,23.33,27.59,21.81,23.46,23.67,37.12,29.6,May-16
2016m06,22.26,24.6,22.02,26.22,23.18,20.24,23.5,37.35,27.96,28.68,28.16,30.63,55,17.78,16.91,25.04,21.02,45.03,25,29.26,23.12,27.4,21.62,23.16,23.17,36.64,27.96,Jun-16
2016m07,22.12,25.03,21.96,26.08,23.42,20.04,24.47,37.52,27.77,28.51,27.89,30.63,54.97,17.71,16.92,24.72,20.96,45.82,25,29.37,23.29,26.98,22.67,23.34,23.12,35.37,27.24,Jul-16
2016m08,24.67,25.88,22.34,26.21,24.3,20.75,27,37.89,28.16,29.41,28.37,30.47,54.85,18.64,17.86,25.07,22.07,46.3,25,29.37,24.95,26.84,23.59,24.15,23.39,35.64,28.35,Aug-16
2016m09,26.85,27.14,23.13,27.39,26.37,23.3,29.91,38.28,28.74,30.2,28.86,31.32,55.12,21.14,21.17,26.54,23.42,47.68,26.25,29.84,26.41,27.1,25.27,24.76,24.21,36.48,29.6,Sep-16
2016m10,30.46,28.91,24.36,29.43,30.42,26.39,32.83,38.64,29.71,31.59,30.13,31.32,56.16,24.89,25.88,29.13,25.28,48.92,29.25,31.43,28.3,27.38,27.9,26.09,25.78,37.4,31.66,Oct-16
2016m11,33.68,29.85,25.68,31.45,33.14,29.61,36.32,38.65,30.39,32.35,30.71,31.99,56.81,28.26,28.88,31.94,27.14,47.51,33,33.05,29.62,28.05,29.35,27.35,27.05,37.83,33.07,Nov-16
2016m12,35.97,30.66,27.02,33.48,33.67,32.34,35.06,38.8,30.39,32.72,31.3,34.34,57.33,30.41,29.91,33.97,28.39,46.46,37.5,34.7,30.67,29.26,30.46,28.18,28.29,37.55,34.79,Dec-16
2017m01,34.97,30.94,27.9,35.37,34.13,32.66,35.45,38.71,30.68,34.23,31.69,36.25,57.14,31.01,30.32,35.18,29.53,47.16,34.5,34.88,30.21,28.31,30.82,28.58,29.15,37.41,37,Jan-17
2017m02,34.1,30.95,28.79,36.45,33.97,32.55,34.18,37.37,30.68,33.26,31.85,36.43,56.28,30,29.71,34.57,29.78,45.59,35,34.88,30.57,28.32,30.16,28.55,29.52,37.28,37.9,Feb-17
2017m03,33.73,30.88,29.26,36.85,33.56,32.13,31.66,37.93,30.49,32.61,31.37,36.64,55.27,29.5,28.59,34.41,29.56,45.07,36,34.83,30.52,28.7,29.66,28.68,29.51,37.17,37.88,Mar-17
2017m04,33.44,30,29.88,35.76,33.49,31.06,31.66,37.96,30.39,33.61,31.06,36.32,55.12,29.23,27.73,33.81,29.62,44.87,36,34.58,30.66,28.72,28.79,28.66,29.79,37.08,36.7,Apr-17
2017m05,32.95,29.33,30.42,34.68,33.83,30.76,32.63,37.9,30.29,32.43,30.87,36.62,54.42,28.82,26.79,32.98,29.5,44.81,36,34.68,30.95,28.6,26.9,28.47,29.86,36.94,35.34,May-17
2017m06,33.19,28.98,31.02,34.82,34.38,31.55,33.6,38.02,30.1,32.32,30.54,36.62,54.67,29.15,26.64,32.86,29.51,45.17,36.75,35.82,31.25,28.74,26.28,28.97,29.99,36.76,34.54,Jun-17
2017m07,34.32,29.31,31.54,36.58,35.89,32.78,34.96,38.02,30.1,34.04,30.67,36.78,55.3,29.81,27.74,33.63,29.88,46.73,37.25,36.76,31.61,28.47,26.66,29.85,30.49,37.5,36.59,Jul-17
2017m08,36.06,29.84,32.08,37.51,37.44,32.94,37.68,38.83,30.68,35.11,29.95,37.15,55.96,30.05,28.65,35.02,30.47,50.85,38.5,37.7,32.57,29.85,26.91,30.56,30.91,37.66,37.99,Aug-17
2017m09,37.7,30.6,33.08,38.44,39.39,33.97,40.79,39.34,31.26,36.6,30.84,37.7,56.58,31.79,31.49,37.27,31.17,53.35,40.5,39.74,33.71,30.77,29.46,32.38,31.97,38.22,40.2,Sep-17
2017m10,37.51,31.27,34.37,39.23,40.34,34.4,41.95,40.04,31.84,36.17,32.24,37.68,57.14,32.69,33.99,38.18,31.93,53.12,41.75,40.99,34.46,31.39,31.37,32.95,33.06,38.88,40.87,Oct-17
2017m11,37.01,31.84,35.33,39.24,40.52,34.17,41.86,40.6,32.52,36.4,32.34,38.02,56.77,32.73,33.2,38.69,32.32,51.17,41.75,41.44,35.8,32.01,31.29,33.22,33.61,38.96,40.25,Nov-17
2017m12,35.67,32.29,35.4,37.89,39.96,33.17,40.59,40.74,32.43,36.01,33.12,38.08,55.96,32.59,32.23,38.49,32.45,49.16,41.5,41.81,36.07,32.3,31.97,32.97,33.97,38.78,40.05,Dec-17
2018m01,31.59,31.99,34.48,35.86,36.76,31.86,39.43,40.48,31.94,35.27,33.21,36.57,55.69,30.72,30.76,34.89,32.13,46.97,37.5,40.27,34.02,31.16,32.11,31.1,33.71,39.22,37.56,Jan-18
2018m02,31.37,30.77,33.82,33.44,34.88,30.24,37,40.37,31.94,35.04,33.4,35.98,54.92,28.18,29.38,33.56,31.52,46.72,35.75,38.18,32.95,31.39,31.94,29.88,33.02,39.27,35.77,Feb-18
2018m03,31.01,30.03,32.82,33.29,34.21,29.97,33.31,39.98,31.46,33.85,33.08,35.81,54.09,27.48,28.72,31.98,30.74,46.35,35.5,36.96,32.41,30.18,30.7,29.22,32.42,39.32,33.46,Mar-18
2018m04,30.17,29.12,32.05,33.3,32.99,29.64,31.08,39.4,30.87,32.9,32.33,35.24,54.02,26.93,26.83,30.81,29.91,46.79,34.5,35.81,31.96,30.99,29.68,28.58,31.35,39.04,32.32,Apr-18
2018m05,29.58,29.07,31.21,34.23,32.38,29.23,31.17,39.17,30.68,32.43,31.83,34.89,54.37,26.74,25.96,29.88,28.9,49.13,34,35.02,30.69,30.36,28.32,28.74,30.65,36.41,31.68,May-18
2018m06,30.44,29.04,30.78,36.25,32.56,29.65,31.66,39.51,30.39,32.63,31.6,34.86,55.49,26.98,25.59,30.31,28.07,50.03,34.25,34.55,30.4,30.31,28.21,29.18,30.59,36.1,31.63,Jun-18
2018m07,30.17,29.36,30.79,37.17,33.19,30.18,31.76,39.53,30.29,33.7,32.16,35.25,56.67,27.65,25.79,31.36,28.04,51.57,35.75,35.33,30.38,30.07,28.45,29.78,30.77,35.86,33.02,Jul-18
2018m08,31.82,29.38,31.17,37.15,33.83,30.34,33.41,39.59,30.49,34.63,31.65,35.26,56.68,27.97,25.74,32.49,28.33,53.21,35.75,35.12,30.72,29.79,29,29.89,30.82,36,33.29,Aug-18
2018m09,33.73,29.72,31.96,37.95,35.43,31.61,37,39.83,30.78,35.98,33,35.44,56.83,28.95,28.15,34.12,28.69,53.64,37,36.45,31.6,30.03,28.82,30.96,31.71,37.6,34.7,Sep-18
2018m10,35.12,30.3,32.82,37.94,36.63,31.8,38.75,39.61,31.55,36.71,33.84,36.81,56.9,29.34,30.76,36.01,29.57,51.56,38,37.86,32.57,31.05,30.52,31.98,32.45,38.87,37.57,Oct-18
2018m11,35.69,30.43,33.54,37.93,37.16,32.29,39.04,39.25,32.33,36.73,33.69,37.08,57.82,29.65,31.66,36.75,30.29,51.55,37.25,38.68,32.85,31.84,31.62,32.38,32.92,38.74,37.21,Nov-18
2018m12,35.53,30.83,34.5,36.97,36.47,32.11,36.9,38.74,32.04,36,34.34,37.2,58.11,29.99,31.39,36.54,30.78,49.55,37.25,39.2,33.2,31.84,32.01,31.95,33.16,38.57,37.44,Dec-18
2019m01,33.86,30.94,34.66,34.16,35.47,31.71,34.28,38.88,32.04,36.12,33.96,39.51,58.07,30.21,30.61,c,31.08,48.22,36.25,38.25,32.48,31.09,31.46,32.56,33.26,38.6,35.96,Jan-19
2019m02,33.71,30.93,34.17,34.17,35.22,32.03,34.38,38.88,32.04,36.06,33.7,39.65,58.16,30.3,30.66,c,31.43,46.95,36.5,38.02,32.23,31.71,31.37,32.18,33.03,38.29,35.17,Feb-19
2019m03,33.59,30.76,34.21,34.17,34.82,31.57,32.63,38.29,31.65,35.03,33.33,39.32,57.89,30.34,30.56,c,31.48,46.71,36.5,37.64,32.39,30.55,31.04,32.27,32.78,37.94,35.04,Mar-19
2019m04,32.97,29.96,33.71,34.16,34.49,31.71,31.66,38.23,31.65,35.49,33.26,39.07,57.6,30.26,30.14,c,30.87,45.55,36,37.84,31.77,30.6,30.22,32.4,32.6,37.85,35.13,Apr-19
2019m05,32.48,29.72,33.42,34.15,33.99,31.08,31.47,37.86,31.55,35.47,33.28,39.09,57.14,29.35,28.09,c,30.34,45.74,35.25,37.45,31.49,30.25,28.7,32.1,32.61,37.41,34,May-19
2019m06,31.64,29.44,32.99,34.15,33.22,30.47,31.95,38.09,31.17,35.74,32.52,39.09,56.79,28.53,26.43,c,30.08,49.07,35.75,36.33,31.02,30.24,28.29,31.62,32.18,36.96,34.34,Jun-19
2019m07,31.12,29.66,32.83,34.16,32.93,30.34,31.08,37.93,31.07,35.92,32.44,39.16,57.01,28.44,26.21,c,29.83,50.55,35,35.97,30.78,30.17,28.43,31.74,31.99,37.62,34.02,Jul-19
2019m08,31.5,29.78,32.39,34.18,33.01,30.06,31.95,37.93,31.36,36.75,32.41,39.58,56.92,28.37,26.13,c,30.13,51.6,35,35.45,30.12,30.21,28.96,32.02,31.67,37.94,33.37,Aug-19
2019m09,32.69,30.3,32.56,34.03,33.88,30.3,34.48,38.72,31.65,37.83,32.95,39.69,57.2,28.41,27.52,c,30.24,52.12,35,35.97,30.41,30.55,29.77,32.65,32.26,38.69,34.3,Sep-19
2019m10,33.48,31.02,33.27,34.01,34.65,30.54,36.61,38.21,32.14,37.94,33.65,39.69,57.98,28.68,29.36,c,31.63,52.1,34.75,36.43,31.42,30.8,31.65,33.65,32.68,39.84,35.01,Oct-19
2019m11,34.15,31.54,33.95,33.99,35.19,30.89,37.29,38.48,33.01,37.77,34.06,39.23,58.33,29.7,30.21,c,31.99,53.78,35.5,36.95,32.85,30.83,32.68,34.05,33.03,39.74,35.46,Nov-19
2019m12,35.36,31.75,34.25,34.8,35.29,31.32,36.52,38.89,32.82,37.57,34.35,38.7,58.45,30.1,30.62,c,32.64,52.36,36.41,37.31,33.33,30.77,32.98,34.16,33.13,39.02,36.08,Dec-19
2020m01,34.33,31.96,34.58,34.79,34.92,31.3,34.67,38.82,32.62,37.12,34.44,37.49,58.57,30.21,30.84,c,32.55,49.47,33.75,36.7,32.76,30.85,32.48,33.68,33.23,38.81,35.21,Jan-20
2020m02,33.82,32,34.48,35.74,34.79,31.44,34.86,38.85,32.62,36.74,34.01,37.51,58.52,30.65,31.15,c,31.99,49.06,36.5,37.29,32.54,30.41,32.85,32.97,33.28,38.94,34.9,Feb-20
2020m03,31.9,32,32.43,35.74,34.88,31.42,31.66,38.77,32.33,36.14,33.29,36.61,58.17,30.72,31.09,c,31.08,48.88,36.25,37.2,31.17,30.4,32.33,32.63,33.21,38.98,34.9,Mar-20
2020m04,30.37,31.33,30.82,34.84,34.05,30.35,30.01,38.76,32.23,35.14,33.03,35.61,57.83,28.53,28.21,c,29.72,49.14,35,37.19,29.55,30.42,31.74,30.72,32.89,38.94,34.84,Apr-20
2020m05,29.81,31.2,29.87,34.86,32.52,28.42,30.59,38.48,31.94,35.45,32.89,36.06,57.51,25.6,25.37,c,29.37,48.99,33,36.39,29.4,30.04,29.89,30,32.08,38.71,34.52,May-20
2020m06,29.58,30.98,30.24,34.07,31.72,27.47,31.76,38.51,31.75,34.54,32.63,34.64,57.73,25.5,24.73,c,29.12,50.48,32.5,36.24,29.62,29.92,29.19,30.1,31.84,37.77,34.32,Jun-20
2020m07,29.56,30.94,30.26,34.11,31.83,27.71,32.83,38.48,31.55,35.38,32.49,34.64,56.82,26.48,25.49,c,28.59,50.18,33,36.24,29.84,29.64,29.7,30.16,31.62,37.51,33.87,Jul-20
2020m08,29.47,31.16,30.74,34.11,32.02,27.58,33.89,38.51,31.55,35.4,32.39,34.56,57.15,26.91,26.16,c,28.83,50.83,34,37.26,30.79,29.74,29.73,30.26,31.59,37.83,34.06,Aug-20
2020m09,30.56,31.16,30.49,34.67,33.25,28.36,36.61,38.56,31.17,36.71,32.84,34.98,56.73,27.55,28.15,c,28.52,51.57,33.75,38.32,31.38,30.24,30.05,30.97,31.75,39.06,35.02,Sep-20
2020m10,31.68,31.77,30.64,35.61,34.7,28.9,39.14,38.58,32.72,37.77,33.56,35.49,58,28.29,30.53,c,29.4,52.48,34.25,39.36,32.51,30.37,32.21,31.68,32.38,39.74,36.25,Oct-20
2020m11,31.89,32.14,31.99,35.59,35.05,29.5,39.14,38.64,33.11,36.87,33.99,35.82,58.5,28.89,31.52,c,30.27,51.89,34.25,40.07,34.51,30.57,32.5,32.3,32.39,39.89,37.88,Nov-20
2020m12,32.59,32.47,32.51,33.73,35.11,29.6,37.49,38.88,32.91,37.04,34.43,35.9,58.75,29.54,31.62,c,30.7,51.37,35.19,41.41,34.69,30.68,32.43,31.34,32.38,39.58,37.93,Dec-20
2021m01,32.87,32.54,32.76,33.74,34.71,29.66,35.64,38.55,33.01,36.94,33.87,35.97,58.67,29.18,31.41,c,30.78,53.03,34.25,39.32,32.91,30.39,32.44,31.95,32.17,38.84,36.68,Jan-21
2021m02,32.87,32.66,33.17,34.29,34.66,29.92,37.2,38.67,32.82,36.48,33.75,36.07,58.8,29.64,31.97,c,30.93,51.46,35,39.04,33,29.97,32.7,31.65,31.96,38.98,36.77,Feb-21
2021m03,34.15,32.68,32.86,35.91,35.58,30.47,37.1,38.86,32.72,35.89,33.79,36,58.18,29.97,32.18,c,30.57,55.71,35.25,38.16,32.84,30.01,33.03,31.57,32.22,39.46,36.79,Mar-21
2021m04,35.27,32.43,33.25,37.25,35.96,31.08,36.61,38.76,32.62,36.49,33.45,36,57.78,30.53,31.92,c,30.98,55.58,36,38.12,33.1,30.01,30.76,31.72,32.24,38.64,38.13,Apr-21
2021m05,35.56,32.44,33.81,37.79,35.86,31.28,37.49,38.72,32.52,36.28,33.19,35.96,57.22,30.41,31.25,c,31.2,54.77,37.5,38.59,33.34,29.95,31.21,31.48,31.99,38.02,39.33,May-21
2021m06,35.11,32.43,34.03,37.52,35.98,31.04,37.39,38.74,32.23,36.64,32.79,35.96,57.3,30.41,30.12,c,31.16,56.35,38,38.21,33.22,29.89,30.28,31.19,31.82,37.27,39.23,Jun-21
2021m07,35.13,32.51,33.61,37.51,36.55,30.82,37.2,37.83,32.43,37.42,32.49,37.21,56.97,30.43,29.16,c,30.57,57.33,37.5,38.83,32.68,29.76,30.42,31.54,31.62,37.02,37.76,Jul-21
2021m08,35.73,32.65,34.1,36.44,36.55,31,39.23,38.92,32.82,38.12,32.73,37.25,57.48,30.92,30.97,c,31.11,57.45,37.75,39.16,33.39,29.87,31.34,32.18,31.81,37.83,38.75,Aug-21
2021m09,36.46,33.4,34.79,38.06,37.51,31.78,42.44,39.56,33.2,38.71,34.24,37.25,57.83,31.87,33.9,c,32.01,60.04,38,39.85,34.52,30.07,32.3,33,32.75,40.26,39.44,Sep-21
2021m10,38.64,34.61,35.42,38.98,39.24,32.71,43.12,40.39,34.27,39.41,35.07,37.33,58.49,33.15,37.47,c,32.28,62.76,39.5,41.08,36.1,31.49,33.49,33.9,33.57,40.6,40.96,Oct-21
2021m11,41.91,35.11,35.73,38.99,39.24,33,43.56,40.5,34.27,39.55,34.95,37.33,58.49,34.12,37.96,c,31.93,62.76,41.25,41.3,36.57,31.49,33.94,34.41,33.22,40.4,41.83,Nov-21
